mca_1,mca_2,dataset_short_name,session_id,subject_id,behavioral_context,recording_profile_group,recommended_analysis_type,duplicate_profile_count,mca_1_plot,mca_2_plot,categorical_cluster
-2.7552001450312904,-4.98770509398137,openfield_ca1,24101_2018-03-22,24101,open field / navigation,spike_lfp,spike/unit analysis,21,-2.730822778650936,-5.042179457533686,3
-2.7552001450313495,-4.987705093981385,openfield_ca1,24101_2018-03-24,24101,open field / navigation,spike_lfp,spike/unit analysis,21,-2.838398873530589,-4.889901786887463,3
-2.755200145031297,-4.987705093981417,openfield_ca1,24101_2018-03-26,24101,open field / navigation,spike_lfp,spike/unit analysis,21,-2.6951640493667806,-5.000067452546921,3
-2.755200145031291,-4.987705093981402,openfield_ca1,24101_2018-03-27,24101,open field / navigation,spike_lfp,spike/unit analysis,21,-2.679954967719994,-5.021971319754451,3
-2.7552001450312615,-4.98770509398141,openfield_ca1,24101_2018-04-03,24101,open field / navigation,spike_lfp,spike/unit analysis,21,-2.9112829601235686,-5.015875778020469,3
-2.7552001450313144,-4.98770509398139,openfield_ca1,24101_2018-04-04,24101,open field / navigation,spike_lfp,spike/unit analysis,21,-2.8593745055802997,-4.945120359137122,3
-2.7552001450313126,-4.987705093981375,openfield_ca1,24101_2018-04-05,24101,open field / navigation,spike_lfp,spike/unit analysis,21,-2.74497291277793,-4.958469568832249,3
-2.7552001450313113,-4.987705093981381,openfield_ca1,24101_2018-04-06,24101,open field / navigation,spike_lfp,spike/unit analysis,21,-2.7804995524187976,-4.954686485053702,3
-2.7552001450313,-4.9877050939813765,openfield_ca1,24101_2018-04-11,24101,open field / navigation,spike_lfp,spike/unit analysis,21,-2.756544237631643,-4.953239413740746,3
-2.755200145031309,-4.987705093981396,openfield_ca1,24101_2018-04-13,24101,open field / navigation,spike_lfp,spike/unit analysis,21,-2.8234436592371956,-4.816373285911759,3
-2.7552001450313095,-4.9877050939813925,openfield_ca1,24101_2018-04-17,24101,open field / navigation,spike_lfp,spike/unit analysis,21,-2.6848483070422833,-5.020218295292162,3
-2.755200145031306,-4.987705093981381,openfield_ca1,24101_2018-04-18,24101,open field / navigation,spike_lfp,spike/unit analysis,21,-2.69297679019699,-5.028684512307104,3
-2.7552001450313095,-4.987705093981372,openfield_ca1,24101_2018-04-23,24101,open field / navigation,spike_lfp,spike/unit analysis,21,-2.7499176892264123,-5.052806912241202,3
-2.755200145031309,-4.9877050939814,openfield_ca1,24101_2018-04-24,24101,open field / navigation,spike_lfp,spike/unit analysis,21,-2.6650208484738664,-4.93842674017536,3
-2.7552001450313064,-4.987705093981393,openfield_ca1,24101_2018-04-25,24101,open field / navigation,spike_lfp,spike/unit analysis,21,-2.7177993976511425,-4.8973873105637225,3
-2.7552001450313033,-4.987705093981397,openfield_ca1,24101_2018-04-30,24101,open field / navigation,spike_lfp,spike/unit analysis,21,-2.8239435420619623,-4.996820890593787,3
-2.7552001450313073,-4.987705093981387,openfield_ca1,24101_2018-05-02,24101,open field / navigation,spike_lfp,spike/unit analysis,21,-2.7257000823047073,-5.054917612138389,3
-2.7552001450313073,-4.987705093981387,openfield_ca1,24101_2018-05-03,24101,open field / navigation,spike_lfp,spike/unit analysis,21,-2.831910753097627,-5.0536635912366865,3
-2.7552001450313073,-4.987705093981387,openfield_ca1,24101_2018-05-04,24101,open field / navigation,spike_lfp,spike/unit analysis,21,-2.6849241209267256,-4.935657670955411,3
-2.7552001450313073,-4.987705093981387,openfield_ca1,24101_2018-05-07,24101,open field / navigation,spike_lfp,spike/unit analysis,21,-2.7591942179102076,-4.928244760285112,3
-2.7552001450313073,-4.987705093981387,openfield_ca1,24101_2018-05-08,24101,open field / navigation,spike_lfp,spike/unit analysis,21,-2.7699891341149283,-4.944252752516972,3
2.5081663548395414,-3.3483015709249733,openfield_ca1,24116_2018-04-03,24116,open field / navigation,spike_behavior,spike-behavior analysis,93,2.454925578256446,-3.4295478974215765,0
2.5081663548395414,-3.348301570924973,openfield_ca1,24116_2018-04-05,24116,open field / navigation,spike_behavior,spike-behavior analysis,93,2.526739260684879,-3.323220463128957,0
2.5081663548395414,-3.3483015709249737,openfield_ca1,24116_2018-04-06,24116,open field / navigation,spike_behavior,spike-behavior analysis,93,2.5175012195707995,-3.281251445493423,0
2.5081663548395414,-3.3483015709249733,openfield_ca1,24116_2018-04-19,24116,open field / navigation,spike_behavior,spike-behavior analysis,93,2.5256614425778623,-3.18856309958963,0
2.5081663548395414,-3.3483015709249733,openfield_ca1,24116_2018-04-20,24116,open field / navigation,spike_behavior,spike-behavior analysis,93,2.5778806570753967,-3.115192573644387,0
2.5081663548395414,-3.3483015709249733,openfield_ca1,24116_2018-04-22,24116,open field / navigation,spike_behavior,spike-behavior analysis,93,2.526053998741516,-3.3151488162628935,0
2.5081663548395414,-3.3483015709249737,openfield_ca1,24116_2018-04-25,24116,open field / navigation,spike_behavior,spike-behavior analysis,93,2.562479439885293,-3.4274646205275228,0
2.5081663548395414,-3.3483015709249733,openfield_ca1,24116_2018-04-26,24116,open field / navigation,spike_behavior,spike-behavior analysis,93,2.513572680398653,-3.518865273383478,0
2.5081663548395414,-3.3483015709249733,openfield_ca1,24116_2018-04-27,24116,open field / navigation,spike_behavior,spike-behavior analysis,93,2.5312959067347403,-3.3268846539374666,0
2.5081663548395414,-3.3483015709249733,openfield_ca1,24116_2018-04-30,24116,open field / navigation,spike_behavior,spike-behavior analysis,93,2.5586694129066245,-3.4133368585497994,0
2.5081663548395414,-3.3483015709249733,openfield_ca1,24116_2018-05-02,24116,open field / navigation,spike_behavior,spike-behavior analysis,93,2.391593889251088,-3.381530151739348,0
2.5081663548395414,-3.3483015709249737,openfield_ca1,24116_2018-05-03,24116,open field / navigation,spike_behavior,spike-behavior analysis,93,2.482592657530957,-3.3972693148497584,0
2.5081663548395414,-3.3483015709249737,openfield_ca1,24116_2018-05-04,24116,open field / navigation,spike_behavior,spike-behavior analysis,93,2.470536542496118,-3.3595648418382846,0
2.508166354839542,-3.348301570924973,openfield_ca1,25398_2019-04-29,25398,open field / navigation,spike_behavior,spike-behavior analysis,93,2.4570561269800746,-3.2630231524619613,0
2.5081663548395414,-3.3483015709249733,openfield_ca1,25398_2019-04-30,25398,open field / navigation,spike_behavior,spike-behavior analysis,93,2.4861549747414067,-3.3357376855293457,0
2.5081663548395414,-3.3483015709249737,openfield_ca1,25398_2019-05-01,25398,open field / navigation,spike_behavior,spike-behavior analysis,93,2.627761659738293,-3.360992357888069,0
2.508166354839542,-3.348301570924973,openfield_ca1,25398_2019-05-02,25398,open field / navigation,spike_behavior,spike-behavior analysis,93,2.4388998655840823,-3.4311538711510376,0
2.508166354839542,-3.348301570924973,openfield_ca1,25398_2019-05-03,25398,open field / navigation,spike_behavior,spike-behavior analysis,93,2.58562862320686,-3.4822762065013215,0
2.508166354839541,-3.3483015709249733,openfield_ca1,25398_2019-05-06,25398,open field / navigation,spike_behavior,spike-behavior analysis,93,2.3735367731102768,-3.3872062036508397,0
2.5081663548395414,-3.3483015709249733,openfield_ca1,25398_2019-05-07,25398,open field / navigation,spike_behavior,spike-behavior analysis,93,2.4813755524406793,-3.352604174990439,0
2.5081663548395414,-3.3483015709249737,openfield_ca1,25398_2019-05-08,25398,open field / navigation,spike_behavior,spike-behavior analysis,93,2.5211866000479417,-3.206867177838583,0
2.5081663548395414,-3.3483015709249733,openfield_ca1,25398_2019-05-09,25398,open field / navigation,spike_behavior,spike-behavior analysis,93,2.5550641413482835,-3.3378796092071426,0
2.5081663548395414,-3.3483015709249733,openfield_ca1,25398_2019-05-10,25398,open field / navigation,spike_behavior,spike-behavior analysis,93,2.56506448122297,-3.2696824100431288,0
2.5081663548395414,-3.3483015709249733,openfield_ca1,25398_2019-05-11,25398,open field / navigation,spike_behavior,spike-behavior analysis,93,2.5716341336555355,-3.3882452188081054,0
2.5081663548395414,-3.3483015709249733,openfield_ca1,25398_2019-05-14,25398,open field / navigation,spike_behavior,spike-behavior analysis,93,2.480268349059666,-3.443097072238335,0
2.508166354839541,-3.3483015709249737,openfield_ca1,25398_2019-05-15,25398,open field / navigation,spike_behavior,spike-behavior analysis,93,2.4711782114263756,-3.4255109119035634,0
2.5081663548395414,-3.348301570924973,openfield_ca1,25398_2019-05-16,25398,open field / navigation,spike_behavior,spike-behavior analysis,93,2.576804425340114,-3.4063196560878333,0
2.5081663548395414,-3.348301570924973,openfield_ca1,25398_2019-06-21,25398,open field / navigation,spike_behavior,spike-behavior analysis,93,2.4928620088490123,-3.17802399233016,0
2.5081663548395414,-3.348301570924973,openfield_ca1,25398_2019-06-24,25398,open field / navigation,spike_behavior,spike-behavior analysis,93,2.4061114489725077,-3.4140125052629235,0
2.5081663548395414,-3.3483015709249733,openfield_ca1,25398_2019-06-25,25398,open field / navigation,spike_behavior,spike-behavior analysis,93,2.417503377719263,-3.281222434626066,0
2.5081663548395414,-3.3483015709249733,openfield_ca1,25398_2019-06-27,25398,open field / navigation,spike_behavior,spike-behavior analysis,93,2.4346101719594127,-3.4205357451719354,0
2.5081663548395414,-3.3483015709249733,openfield_ca1,25398_2019-06-28,25398,open field / navigation,spike_behavior,spike-behavior analysis,93,2.5479392143638426,-3.273775729895034,0
2.5081663548395414,-3.3483015709249733,openfield_ca1,25398_2019-07-02,25398,open field / navigation,spike_behavior,spike-behavior analysis,93,2.519560413725187,-3.3175054936365043,0
2.5081663548395414,-3.3483015709249733,openfield_ca1,25398_2019-07-03,25398,open field / navigation,spike_behavior,spike-behavior analysis,93,2.5634051831649627,-3.3608326027376205,0
2.5081663548395414,-3.3483015709249733,openfield_ca1,25398_2019-07-04,25398,open field / navigation,spike_behavior,spike-behavior analysis,93,2.4739861431326187,-3.351562573015808,0
2.5081663548395414,-3.3483015709249733,openfield_ca1,25398_2019-07-30,25398,open field / navigation,spike_behavior,spike-behavior analysis,93,2.5208495301256786,-3.4006845865593247,0
2.5081663548395414,-3.3483015709249733,openfield_ca1,25398_2019-07-31,25398,open field / navigation,spike_behavior,spike-behavior analysis,93,2.558213586356928,-3.312615794806407,0
2.5081663548395414,-3.3483015709249733,openfield_ca1,25398_2019-08-01,25398,open field / navigation,spike_behavior,spike-behavior analysis,93,2.4834186316619222,-3.384700249352236,0
2.5081663548395414,-3.3483015709249733,openfield_ca1,25398_2019-08-02,25398,open field / navigation,spike_behavior,spike-behavior analysis,93,2.5447083738441343,-3.446350032026353,0
2.5081663548395414,-3.3483015709249733,openfield_ca1,25398_2019-08-07,25398,open field / navigation,spike_behavior,spike-behavior analysis,93,2.4552122795542095,-3.450536576870543,0
2.5081663548395414,-3.3483015709249733,openfield_ca1,25398_2019-08-08,25398,open field / navigation,spike_behavior,spike-behavior analysis,93,2.479122047114336,-3.334494537507204,0
2.5081663548395414,-3.3483015709249733,openfield_ca1,25398_2019-08-09,25398,open field / navigation,spike_behavior,spike-behavior analysis,93,2.477627323319675,-3.2219742704121384,0
2.5081663548395414,-3.3483015709249733,openfield_ca1,25398_2019-08-13,25398,open field / navigation,spike_behavior,spike-behavior analysis,93,2.412499183192418,-3.335502241839098,0
2.5081663548395414,-3.3483015709249733,openfield_ca1,25398_2019-08-14,25398,open field / navigation,spike_behavior,spike-behavior analysis,93,2.547124153302388,-3.357792637013764,0
2.5081663548395414,-3.3483015709249733,openfield_ca1,25398_2019-08-15,25398,open field / navigation,spike_behavior,spike-behavior analysis,93,2.4706141676233235,-3.32543547975677,0
2.5081663548395414,-3.3483015709249733,openfield_ca1,25398_2019-09-03,25398,open field / navigation,spike_behavior,spike-behavior analysis,93,2.5091658843377562,-3.2438214315884273,0
2.5081663548395414,-3.3483015709249733,openfield_ca1,25398_2019-09-04,25398,open field / navigation,spike_behavior,spike-behavior analysis,93,2.5466260875520144,-3.3307509708158647,0
2.5081663548395414,-3.3483015709249733,openfield_ca1,25398_2019-09-16,25398,open field / navigation,spike_behavior,spike-behavior analysis,93,2.543888848921937,-3.381175749391672,0
2.5081663548395414,-3.3483015709249733,openfield_ca1,25398_2019-09-17,25398,open field / navigation,spike_behavior,spike-behavior analysis,93,2.5613971635573645,-3.259798474120182,0
2.5081663548395414,-3.3483015709249733,openfield_ca1,25398_2019-09-18,25398,open field / navigation,spike_behavior,spike-behavior analysis,93,2.5002875160787874,-3.314001055848044,0
2.5081663548395414,-3.3483015709249733,openfield_ca1,25398_2019-09-19,25398,open field / navigation,spike_behavior,spike-behavior analysis,93,2.4743024898760093,-3.225441091565294,0
2.5081663548395414,-3.3483015709249733,openfield_ca1,25398_2019-09-20,25398,open field / navigation,spike_behavior,spike-behavior analysis,93,2.5017888979670295,-3.3336428159472207,0
2.5081663548395414,-3.3483015709249733,openfield_ca1,25398_2019-10-07,25398,open field / navigation,spike_behavior,spike-behavior analysis,93,2.373179600122899,-3.446259093462613,0
2.5081663548395414,-3.3483015709249733,openfield_ca1,25398_2019-10-08,25398,open field / navigation,spike_behavior,spike-behavior analysis,93,2.3923973570456942,-3.4577543068646266,0
2.5081663548395414,-3.3483015709249733,openfield_ca1,25398_2019-10-09,25398,open field / navigation,spike_behavior,spike-behavior analysis,93,2.4023503858511894,-3.2162273363464733,0
2.5081663548395414,-3.3483015709249733,openfield_ca1,25398_2019-10-10,25398,open field / navigation,spike_behavior,spike-behavior analysis,93,2.4283866086314227,-3.2104083132623096,0
2.5081663548395414,-3.3483015709249733,openfield_ca1,25398_2019-10-23,25398,open field / navigation,spike_behavior,spike-behavior analysis,93,2.5401482929774164,-3.3626631079875815,0
2.5081663548395414,-3.3483015709249733,openfield_ca1,25398_2019-10-24,25398,open field / navigation,spike_behavior,spike-behavior analysis,93,2.4357280304107367,-3.378956556615852,0
2.5081663548395414,-3.3483015709249733,openfield_ca1,26019_2020-01-06,26019,open field / navigation,spike_behavior,spike-behavior analysis,93,2.47791335051639,-3.231386027545597,0
2.5081663548395414,-3.3483015709249733,openfield_ca1,26019_2020-01-07,26019,open field / navigation,spike_behavior,spike-behavior analysis,93,2.6121046186624266,-3.4368652254884524,0
2.5081663548395414,-3.3483015709249733,openfield_ca1,26019_2020-01-08,26019,open field / navigation,spike_behavior,spike-behavior analysis,93,2.4796652371546273,-3.4198797324414394,0
2.5081663548395414,-3.3483015709249733,openfield_ca1,26019_2020-01-09,26019,open field / navigation,spike_behavior,spike-behavior analysis,93,2.567167600316908,-3.29683542734985,0
2.5081663548395414,-3.3483015709249733,openfield_ca1,26019_2020-01-10,26019,open field / navigation,spike_behavior,spike-behavior analysis,93,2.433476940438751,-3.3798699807537402,0
2.5081663548395414,-3.3483015709249733,openfield_ca1,26019_2020-01-13,26019,open field / navigation,spike_behavior,spike-behavior analysis,93,2.491731350210131,-3.348711320262579,0
2.5081663548395414,-3.3483015709249733,openfield_ca1,26019_2020-01-14,26019,open field / navigation,spike_behavior,spike-behavior analysis,93,2.432164590446695,-3.3613770028069343,0
2.5081663548395414,-3.3483015709249733,openfield_ca1,26019_2020-01-15,26019,open field / navigation,spike_behavior,spike-behavior analysis,93,2.4810437087674964,-3.3212956070210584,0
2.5081663548395414,-3.3483015709249733,openfield_ca1,26019_2020-01-16,26019,open field / navigation,spike_behavior,spike-behavior analysis,93,2.575391005836133,-3.2357030220198757,0
2.5081663548395414,-3.3483015709249733,openfield_ca1,26019_2020-01-17,26019,open field / navigation,spike_behavior,spike-behavior analysis,93,2.3699807209841537,-3.3410547783728335,0
2.5081663548395414,-3.3483015709249733,openfield_ca1,26019_2020-01-20,26019,open field / navigation,spike_behavior,spike-behavior analysis,93,2.54292024632321,-3.2967864674628244,0
2.5081663548395414,-3.3483015709249733,openfield_ca1,26019_2020-01-21,26019,open field / navigation,spike_behavior,spike-behavior analysis,93,2.5271852030261237,-3.512315339007455,0
2.5081663548395414,-3.3483015709249733,openfield_ca1,26019_2020-01-22,26019,open field / navigation,spike_behavior,spike-behavior analysis,93,2.460634358383798,-3.352199043079383,0
2.5081663548395414,-3.3483015709249733,openfield_ca1,26019_2020-01-23,26019,open field / navigation,spike_behavior,spike-behavior analysis,93,2.392481726488465,-3.415759992548403,0
2.5081663548395414,-3.3483015709249733,openfield_ca1,26019_2020-01-27,26019,open field / navigation,spike_behavior,spike-behavior analysis,93,2.513936715456651,-3.4458066157588636,0
2.5081663548395414,-3.3483015709249733,openfield_ca1,26019_2020-01-29,26019,open field / navigation,spike_behavior,spike-behavior analysis,93,2.4658069381144374,-3.4185537602792735,0
2.5081663548395414,-3.3483015709249733,openfield_ca1,26019_2020-01-30,26019,open field / navigation,spike_behavior,spike-behavior analysis,93,2.5267804517479178,-3.3750314461810382,0
2.5081663548395414,-3.3483015709249733,openfield_ca1,26191_2020-04-01,26191,open field / navigation,spike_behavior,spike-behavior analysis,93,2.509914526481417,-3.2750293675364923,0
2.5081663548395414,-3.3483015709249733,openfield_ca1,26191_2020-04-02,26191,open field / navigation,spike_behavior,spike-behavior analysis,93,2.6363086661452146,-3.4544129883441386,0
2.5081663548395414,-3.3483015709249733,openfield_ca1,26191_2020-04-03,26191,open field / navigation,spike_behavior,spike-behavior analysis,93,2.4890179046416994,-3.34585105151742,0
2.5081663548395414,-3.3483015709249733,openfield_ca1,26191_2020-04-04,26191,open field / navigation,spike_behavior,spike-behavior analysis,93,2.426286555429792,-3.3870351255916598,0
2.5081663548395414,-3.3483015709249733,openfield_ca1,26191_2020-04-05,26191,open field / navigation,spike_behavior,spike-behavior analysis,93,2.5225084056360467,-3.3745154184739303,0
2.5081663548395414,-3.3483015709249733,openfield_ca1,26191_2020-04-07,26191,open field / navigation,spike_behavior,spike-behavior analysis,93,2.5257660895572824,-3.2680809449006047,0
2.5081663548395414,-3.3483015709249733,openfield_ca1,26191_2020-04-09,26191,open field / navigation,spike_behavior,spike-behavior analysis,93,2.6169013608587766,-3.305252335964659,0
2.5081663548395414,-3.3483015709249733,openfield_ca1,26191_2020-04-10,26191,open field / navigation,spike_behavior,spike-behavior analysis,93,2.5749752545127076,-3.2413097223295537,0
2.5081663548395414,-3.3483015709249733,openfield_ca1,26191_2020-04-14,26191,open field / navigation,spike_behavior,spike-behavior analysis,93,2.5367160395715023,-3.3606620252649653,0
2.5081663548395414,-3.3483015709249733,openfield_ca1,26191_2020-04-15,26191,open field / navigation,spike_behavior,spike-behavior analysis,93,2.6252305861371066,-3.4039769798586295,0
2.5081663548395414,-3.3483015709249733,openfield_ca1,26191_2020-04-16,26191,open field / navigation,spike_behavior,spike-behavior analysis,93,2.4130653104937134,-3.3662102762754134,0
2.5081663548395414,-3.3483015709249733,openfield_ca1,26191_2020-04-17,26191,open field / navigation,spike_behavior,spike-behavior analysis,93,2.4569862322195615,-3.3289018276232754,0
2.5081663548395414,-3.3483015709249733,openfield_ca1,26191_2020-04-20,26191,open field / navigation,spike_behavior,spike-behavior analysis,93,2.4340402795270992,-3.334175702248676,0
2.5081663548395414,-3.3483015709249733,openfield_ca1,26191_2020-04-21,26191,open field / navigation,spike_behavior,spike-behavior analysis,93,2.47698157058708,-3.4350526167036426,0
2.5081663548395414,-3.3483015709249733,openfield_ca1,26191_2020-04-23,26191,open field / navigation,spike_behavior,spike-behavior analysis,93,2.3980314630350366,-3.3410623883947435,0
2.5081663548395414,-3.3483015709249733,openfield_ca1,26191_2020-04-24,26191,open field / navigation,spike_behavior,spike-behavior analysis,93,2.558978430584694,-3.3300433045138607,0
2.5081663548395414,-3.3483015709249733,openfield_ca1,26191_2020-04-25,26191,open field / navigation,spike_behavior,spike-behavior analysis,93,2.4903885390716396,-3.14690364792226,0
2.5081663548395414,-3.3483015709249733,openfield_ca1,26191_2020-04-27,26191,open field / navigation,spike_behavior,spike-behavior analysis,93,2.390501851279329,-3.1981540020224397,0
4.192101516955716,4.785435853294538,nwb_ca1,26863_2020-Nov-04_12-46-06,26863_Ash,35 mins; OF; decent coverage; still plugged in from previous session in room 2.408,spike_behavior,spike-behavior analysis,18,4.12384204891101,4.697693007018167,2
4.946062581566461,4.712240475933468,nwb_ca1,26863_2020-Nov-05_10-26-23,26863_Ash,open field; object,spike_behavior,spike-behavior analysis,5,4.983785663370072,4.712247227380781,2
4.192101516955716,4.785435853294538,nwb_ca1,26965_2020-Dec-07_15-52-32,26965_Bubinga,NWB electrophysiology,spike_behavior,spike-behavior analysis,18,4.169110848031782,4.932388935560243,2
4.192101516955716,4.785435853294538,nwb_ca1,26965_2020-Dec-07_16-51-52,26965_Bubinga,NWB electrophysiology,spike_behavior,spike-behavior analysis,18,4.075026156808756,5.01784122683377,2
3.56434615625917,5.294500370862639,nwb_ca1,26965_2020-Dec-08_10-46-12,26965_Bubinga,figure-eight,spike_behavior,spike-behavior analysis,5,3.6902145484571895,5.31552030887441,2
4.516744196028056,3.877935729956487,nwb_ca1,26965_2020-Dec-08_11-29-48,26965_Bubinga,open field (motive crashed),spike_behavior,spike-behavior analysis,6,4.427909741274898,3.8577775396999363,2
4.516744196028056,3.877935729956487,nwb_ca1,26965_2020-Dec-08_14-36-11,26965_Bubinga,open field; party lights,spike_behavior,spike-behavior analysis,6,4.47902221143206,3.8901407309246845,2
3.56434615625917,5.294500370862639,nwb_ca1,26965_2020-Dec-09_11-52-59,26965_Bubinga,figure-eight,spike_behavior,spike-behavior analysis,5,3.59521388046369,5.332911843133967,2
4.946062581566461,4.712240475933468,nwb_ca1,26965_2020-Dec-09_12-10-58,26965_Bubinga,open field; object,spike_behavior,spike-behavior analysis,5,5.027079846992048,4.6545158332500405,2
4.516744196028056,3.877935729956487,nwb_ca1,26965_2020-Dec-11_10-58-11,26965_Bubinga,open field; party lights,spike_behavior,spike-behavior analysis,6,4.5378415723765775,3.9956550877959396,2
4.946062581566461,4.712240475933468,nwb_ca1,26966_2020-Dec-14_15-18-10,26966_Cedar,open field; novel object,spike_behavior,spike-behavior analysis,5,4.9584969277799384,4.737560016867333,2
4.192101516955716,4.785435853294538,nwb_ca1,26966_2020-Dec-14_16-26-40,26966_Cedar,NWB electrophysiology,spike_behavior,spike-behavior analysis,18,4.144844955838637,4.691710522988511,2
3.56434615625917,5.294500370862639,nwb_ca1,26966_2020-Dec-15_11-47-50,26966_Cedar,figure-eight,spike_behavior,spike-behavior analysis,5,3.5033015794835887,5.154933491904703,2
4.946062581566461,4.712240475933468,nwb_ca1,26966_2020-Dec-16_11-48-01,26966_Cedar,open field; object,spike_behavior,spike-behavior analysis,5,4.974203094238398,4.704457548060389,2
4.192101516955716,4.785435853294538,nwb_ca1,27284_2021-Jun-15_19-16-52,27284_Douglas,"2 OF sessions with short pot break inbetween, some jumping",spike_behavior,spike-behavior analysis,18,4.2173499172429425,4.755975936751495,2
4.587746325672939,5.647277418831059,nwb_ca1,27284_2021-Jun-16_08-24-12,27284_Douglas,sleep,spike_behavior,spike-behavior analysis,7,4.611425844847908,5.6209954009812275,2
4.192101516955716,4.785435853294538,nwb_ca1,27284_2021-Jun-16_14-33-11,27284_Douglas,OF tall walls,spike_behavior,spike-behavior analysis,18,4.288569806626774,4.8127602973697785,2
4.62141990249412,5.61974059927152,nwb_ca1,27284_2021-Jun-17_15-01-36,27284_Douglas,OF and obj,spike_behavior,spike-behavior analysis,11,4.715612853612336,5.6044885146711065,2
4.946062581566461,4.712240475933468,nwb_ca1,27284_2021-Jun-18_11-01-41,27284_Douglas,open field and objA of WWW,spike_behavior,spike-behavior analysis,5,4.950315009372691,4.879693940647916,2
3.9599909649763942,6.156341936399159,nwb_ca1,27285_2021-Jul-01_08-10-45,27285_Elm,"sleep, sequence task",spike_behavior,spike-behavior analysis,1,3.9599909649763942,6.156341936399159,2
4.192101516955716,4.785435853294538,nwb_ca1,27285_2021-Jul-01_12-33-30,27285_Elm,"seq2, comparison probes",spike_behavior,spike-behavior analysis,18,4.133774809936227,4.9237316648469855,2
4.516744196028056,3.877935729956487,nwb_ca1,27285_2021-Jul-01_13-26-22,27285_Elm,"open field, WHAT, and WHERE",spike_behavior,spike-behavior analysis,6,4.520941539896556,3.6726030546819834,2
4.516744196028056,3.877935729956487,nwb_ca1,27285_2021-Jul-02_13-23-12,27285_Elm,"open field, WHEN1",spike_behavior,spike-behavior analysis,6,4.4933705011637715,3.8589877087957123,2
3.56434615625917,5.294500370862639,nwb_ca1,27285_2021-Jun-30_10-03-39,27285_Elm,sequence task,spike_behavior,spike-behavior analysis,5,3.475353238500497,5.368695449387293,2
3.56434615625917,5.294500370862639,nwb_ca1,27285_2021-Jun-30_13-05-14,27285_Elm,sequence task,spike_behavior,spike-behavior analysis,5,3.659637592506279,5.330853997919788,2
4.516744196028056,3.877935729956487,nwb_ca1,27285_2021-Jun-30_13-59-11,27285_Elm,"open field, open field",spike_behavior,spike-behavior analysis,6,4.508465134582779,3.892056723666283,2
4.192101516955716,4.785435853294538,nwb_ca1,27963_2022-Feb-08_21-14-27,27963_Hemlock,OF,spike_behavior,spike-behavior analysis,18,4.139769801750292,4.706487287020279,2
4.587746325672939,5.647277418831059,nwb_ca1,27963_2022-Feb-09_08-02-57,27963_Hemlock,sleep,spike_behavior,spike-behavior analysis,7,4.5579931591672365,5.642371471164751,2
4.62141990249412,5.61974059927152,nwb_ca1,27963_2022-Feb-10_11-06-56,27963_Hemlock,"OF, obj, obj, obj",spike_behavior,spike-behavior analysis,11,4.656546836808486,5.713440366748905,2
4.62141990249412,5.61974059927152,nwb_ca1,27963_2022-Feb-10_14-07-47,27963_Hemlock,"OF, obj, obj, obj",spike_behavior,spike-behavior analysis,11,4.760934664587543,5.67981011837002,2
4.192101516955716,4.785435853294538,nwb_ca1,27963_2022-Feb-11_14-58-41,27963_Hemlock,OF,spike_behavior,spike-behavior analysis,18,4.020318394576623,4.765813625619169,2
4.192101516955716,4.785435853294538,nwb_ca1,28003_2022-Mar-07_20-44-03,28003_Ironwood,"OF, LEC was likely deep layers",spike_behavior,spike-behavior analysis,18,4.1790882433121235,4.847622859379477,2
4.192101516955716,4.785435853294538,nwb_ca1,28003_2022-Mar-08_11-22-53,28003_Ironwood,OF,spike_behavior,spike-behavior analysis,18,4.107108364006951,4.820217139251867,2
4.192101516955716,4.785435853294538,nwb_ca1,28003_2022-Mar-08_11-38-59,28003_Ironwood,OF,spike_behavior,spike-behavior analysis,18,4.14974636276643,4.75534336759613,2
4.62141990249412,5.61974059927152,nwb_ca1,28003_2022-Mar-08_15-04-04,28003_Ironwood,object events,spike_behavior,spike-behavior analysis,11,4.656539355193184,5.765392291883264,2
4.587746325672939,5.647277418831059,nwb_ca1,28003_2022-Mar-09_07-54-00,28003_Ironwood,sleep,spike_behavior,spike-behavior analysis,7,4.447208583074652,5.563045537974743,2
4.62141990249412,5.61974059927152,nwb_ca1,28003_2022-Mar-10_10-53-58,28003_Ironwood,object events,spike_behavior,spike-behavior analysis,11,4.687658956637884,5.6782025745626115,2
4.62141990249412,5.61974059927152,nwb_ca1,29629_2024-Oct-29_15-05-13,29629_Karri,"OF, OBJ",spike_behavior,spike-behavior analysis,11,4.597694226211343,5.4939773788192605,2
4.587746325672939,5.647277418831059,nwb_ca1,29629_2024-Oct-30_05-40-15,29629_Karri,sleep,spike_behavior,spike-behavior analysis,7,4.613985964370068,5.620520925042588,2
4.62141990249412,5.61974059927152,nwb_ca1,29629_2024-Oct-30_15-13-05,29629_Karri,"OF, OBJ",spike_behavior,spike-behavior analysis,11,4.626743567762857,5.614384345439664,2
4.587746325672939,5.647277418831059,nwb_ca1,29630_2024-Sep-17_07-08-26,29630_Juniper,sleep,spike_behavior,spike-behavior analysis,7,4.725934342806074,5.751280986406975,2
4.62141990249412,5.61974059927152,nwb_ca1,29630_2024-Sep-17_09-22-08,29630_Juniper,"OF, OBJ",spike_behavior,spike-behavior analysis,11,4.565625996630097,5.5259800238639345,2
4.192101516955716,4.785435853294538,nwb_ca1,29630_2024-Sep-17_13-26-08,29630_Juniper,seq1,spike_behavior,spike-behavior analysis,18,4.121952654702309,4.774730016133255,2
4.587746325672939,5.647277418831059,nwb_ca1,29630_2024-Sep-17_23-09-30,29630_Juniper,sleep,spike_behavior,spike-behavior analysis,7,4.465037413279648,5.693889838190075,2
4.62141990249412,5.61974059927152,nwb_ca1,29630_2024-Sep-18_10-18-21,29630_Juniper,"OF, OBJ",spike_behavior,spike-behavior analysis,11,4.700586617261708,5.578278211882218,2
4.192101516955716,4.785435853294538,nwb_ca1,29630_2024-Sep-18_14-20-12,29630_Juniper,seq2,spike_behavior,spike-behavior analysis,18,4.184560512615511,4.675444188624939,2
4.62141990249412,5.61974059927152,nwb_ca1,29630_2024-Sep-18_15-19-16,29630_Juniper,"OF, OBJ",spike_behavior,spike-behavior analysis,11,4.527155612644931,5.740638873933658,2
4.587746325672939,5.647277418831059,nwb_ca1,29630_2024-Sep-19_05-09-20,29630_Juniper,sleep,spike_behavior,spike-behavior analysis,7,4.656852566768794,5.785862347263854,2
4.192101516955716,4.785435853294538,nwb_ca1,29630_2024-Sep-19_11-15-17,29630_Juniper,seq1,spike_behavior,spike-behavior analysis,18,4.051483245647185,4.766381953776564,2
4.62141990249412,5.61974059927152,nwb_ca1,29630_2024-Sep-20_09-49-05,29630_Juniper,"OF, OBJ",spike_behavior,spike-behavior analysis,11,4.684007929887533,5.670743304143335,2
4.192101516955716,4.785435853294538,nwb_ca1,29630_2024-Sep-20_10-32-21,29630_Juniper,seq1,spike_behavior,spike-behavior analysis,18,4.074737897324437,4.764124854093821,2
4.192101516955716,4.785435853294538,nwb_ca1,29630_2024-Sep-20_13-20-20,29630_Juniper,seq2,spike_behavior,spike-behavior analysis,18,4.3624412859179795,4.804009444464638,2
4.192101516955716,4.785435853294538,nwb_ca1,29630_2024-Sep-24_14-25-53,29630_Juniper,seq2,spike_behavior,spike-behavior analysis,18,4.089107710453793,4.741009675789017,2
0.4553075587354283,2.869124652918525,legacy_touchscreen,rat-14_190130,rat-14,touchscreen / tactile-visual task,spike_behavior,spike-behavior analysis,25,0.39939312444912856,2.890752112061063,2
0.4553075587354283,2.869124652918525,legacy_touchscreen,rat-14_190131,rat-14,touchscreen / tactile-visual task,spike_behavior,spike-behavior analysis,25,0.37421016942019636,2.8000570317393745,2
0.4553075587354283,2.869124652918525,legacy_touchscreen,rat-14_190202,rat-14,touchscreen / tactile-visual task,spike_behavior,spike-behavior analysis,25,0.45793012616552914,2.8573223584992964,2
0.4553075587354283,2.869124652918525,legacy_touchscreen,rat-14_190204,rat-14,touchscreen / tactile-visual task,spike_behavior,spike-behavior analysis,25,0.357982746784938,2.856922850322336,2
0.4553075587354283,2.869124652918525,legacy_touchscreen,rat-14_190205,rat-14,touchscreen / tactile-visual task,spike_behavior,spike-behavior analysis,25,0.40161633654370177,2.8997961620668042,2
0.4553075587354283,2.869124652918525,legacy_touchscreen,rat-14_190206,rat-14,touchscreen / tactile-visual task,spike_behavior,spike-behavior analysis,25,0.4802683164595278,2.9491105926713486,2
0.4553075587354283,2.869124652918525,legacy_touchscreen,rat-14_190207,rat-14,touchscreen / tactile-visual task,spike_behavior,spike-behavior analysis,25,0.547732521623964,2.784441766360252,2
0.4553075587354283,2.869124652918525,legacy_touchscreen,rat-16_181012,rat-16,touchscreen / tactile-visual task,spike_behavior,spike-behavior analysis,25,0.5040084765133834,2.8591239304929585,2
0.4553075587354283,2.869124652918525,legacy_touchscreen,rat-16_181013,rat-16,touchscreen / tactile-visual task,spike_behavior,spike-behavior analysis,25,0.27200439804758025,2.9876410967312426,2
0.4553075587354283,2.869124652918525,legacy_touchscreen,rat-16_181015,rat-16,touchscreen / tactile-visual task,spike_behavior,spike-behavior analysis,25,0.4796568970578491,2.8096375946135197,2
0.4553075587354283,2.869124652918525,legacy_touchscreen,rat-16_181016,rat-16,touchscreen / tactile-visual task,spike_behavior,spike-behavior analysis,25,0.4610702445940345,2.803344651535299,2
0.4553075587354283,2.869124652918525,legacy_touchscreen,rat-16_181021,rat-16,touchscreen / tactile-visual task,spike_behavior,spike-behavior analysis,25,0.4884187815652437,2.88530914826502,2
0.4553075587354283,2.869124652918525,legacy_touchscreen,rat-16_181022,rat-16,touchscreen / tactile-visual task,spike_behavior,spike-behavior analysis,25,0.5846043332675248,2.9366754681573504,2
0.4553075587354283,2.869124652918525,legacy_touchscreen,rat-16_181023,rat-16,touchscreen / tactile-visual task,spike_behavior,spike-behavior analysis,25,0.29024849659104884,2.8700387373633776,2
0.4553075587354283,2.869124652918525,legacy_touchscreen,rat-16_181024,rat-16,touchscreen / tactile-visual task,spike_behavior,spike-behavior analysis,25,0.4080192847201398,2.975441500153484,2
0.4553075587354283,2.869124652918525,legacy_touchscreen,rat-16_181025,rat-16,touchscreen / tactile-visual task,spike_behavior,spike-behavior analysis,25,0.5025800645588967,2.937668171523847,2
0.4553075587354283,2.869124652918525,legacy_touchscreen,rat-16_181029,rat-16,touchscreen / tactile-visual task,spike_behavior,spike-behavior analysis,25,0.3287800067791129,2.93647025826973,2
0.4553075587354283,2.869124652918525,legacy_touchscreen,rat-26_190625,rat-26,touchscreen / tactile-visual task,spike_behavior,spike-behavior analysis,25,0.573383482579709,2.913453973024452,2
0.4553075587354283,2.869124652918525,legacy_touchscreen,rat-26_190626,rat-26,touchscreen / tactile-visual task,spike_behavior,spike-behavior analysis,25,0.48477608775148096,3.0553369009462115,2
0.4553075587354283,2.869124652918525,legacy_touchscreen,rat-26_190627,rat-26,touchscreen / tactile-visual task,spike_behavior,spike-behavior analysis,25,0.5230342776029006,2.852711717809241,2
0.4553075587354283,2.869124652918525,legacy_touchscreen,rat-26_190702,rat-26,touchscreen / tactile-visual task,spike_behavior,spike-behavior analysis,25,0.4096320658136847,2.708842869553204,2
0.4553075587354283,2.869124652918525,legacy_touchscreen,rat-27_191128,rat-27,touchscreen / tactile-visual task,spike_behavior,spike-behavior analysis,25,0.5204086539327251,2.9974650018398963,2
0.4553075587354283,2.869124652918525,legacy_touchscreen,rat-27_191204,rat-27,touchscreen / tactile-visual task,spike_behavior,spike-behavior analysis,25,0.5407852832145513,2.8325086984419787,2
0.4553075587354283,2.869124652918525,legacy_touchscreen,rat-27_191209,rat-27,touchscreen / tactile-visual task,spike_behavior,spike-behavior analysis,25,0.47393780034640176,2.8777550884659675,2
0.4553075587354283,2.869124652918525,legacy_touchscreen,rat-27_191210,rat-27,touchscreen / tactile-visual task,spike_behavior,spike-behavior analysis,25,0.47405963015132396,2.973888707707367,2
-3.807548700512886,1.041772832317445,touchandsee,Ramachandran_samp20_2012-08-09,Ramachandran,TouchAndSee,spike_behavior,spike-behavior analysis,1,-3.807548700512886,1.041772832317445,1
-9.222123968109196,1.6982304329139275,touchandsee,Ramachandran_samp21_2012-08-10,Ramachandran,TouchAndSee,lfp_only,LFP-behavior analysis,45,-9.35030473139391,1.8358920194072061,1
-9.222123968109196,1.6982304329139275,touchandsee,Ramachandran_samp22_2012-08-11,Ramachandran,TouchAndSee,lfp_only,LFP-behavior analysis,45,-9.322255745237687,1.5876559116837643,1
-9.222123968109196,1.6982304329139275,touchandsee,Ramachandran_samp23_2012-08-12,Ramachandran,TouchAndSee,lfp_only,LFP-behavior analysis,45,-9.350226203078705,1.729656630374721,1
-9.222123968109196,1.6982304329139275,touchandsee,Ramachandran_samp24_2012-08-13,Ramachandran,TouchAndSee,lfp_only,LFP-behavior analysis,45,-9.28565487131123,1.6149869177813247,1
-9.222123968109196,1.6982304329139275,touchandsee,Ramachandran_samp25_2012-08-14,Ramachandran,TouchAndSee,lfp_only,LFP-behavior analysis,45,-9.186953039627836,1.7362061999909837,1
-9.222123968109196,1.6982304329139275,touchandsee,Ramachandran_samp26_2012-08-15,Ramachandran,TouchAndSee,lfp_only,LFP-behavior analysis,45,-9.180188940684175,1.6877435008589095,1
-9.222123968109196,1.6982304329139275,touchandsee,Ramachandran_samp27_2012-08-16,Ramachandran,TouchAndSee,lfp_only,LFP-behavior analysis,45,-9.200022033762911,1.551757966846125,1
-9.222123968109196,1.6982304329139275,touchandsee,Ramachandran_samp28_2012-08-17,Ramachandran,TouchAndSee,lfp_only,LFP-behavior analysis,45,-9.335145238820585,1.7724941922394062,1
-9.222123968109196,1.6982304329139275,touchandsee,Ramachandran_samp29_2012-08-18,Ramachandran,TouchAndSee,lfp_only,LFP-behavior analysis,45,-9.406932243039808,1.649830375889229,1
-9.222123968109196,1.6982304329139275,touchandsee,Ramachandran_samp30_2012-08-20,Ramachandran,TouchAndSee,lfp_only,LFP-behavior analysis,45,-9.217775681277965,1.655518413844043,1
-9.222123968109196,1.6982304329139275,touchandsee,Ramachandran_samp31_2012-08-21,Ramachandran,TouchAndSee,lfp_only,LFP-behavior analysis,45,-9.259866050800262,1.6126502400107523,1
-9.222123968109196,1.6982304329139275,touchandsee,Ramachandran_samp32_2012-08-22,Ramachandran,TouchAndSee,lfp_only,LFP-behavior analysis,45,-9.185373106371868,1.645887770778923,1
-9.222123968109196,1.6982304329139275,touchandsee,Ramachandran_samp33_2012-08-22,Ramachandran,TouchAndSee,lfp_only,LFP-behavior analysis,45,-9.165967678011494,1.7324616681695209,1
-9.222123968109196,1.6982304329139275,touchandsee,Taskmaster_samp1_2012-01-03,Taskmaster,TouchAndSee,lfp_only,LFP-behavior analysis,45,-9.211064653544502,1.683090885639015,1
-9.222123968109196,1.6982304329139275,touchandsee,Taskmaster_samp10_2012-01-15,Taskmaster,TouchAndSee,lfp_only,LFP-behavior analysis,45,-9.161313321279128,1.724523393096526,1
-9.222123968109196,1.6982304329139275,touchandsee,Taskmaster_samp11_2012-01-16,Taskmaster,TouchAndSee,lfp_only,LFP-behavior analysis,45,-9.20378705817999,1.727184181228235,1
-9.222123968109196,1.6982304329139275,touchandsee,Taskmaster_samp12_2012-01-17,Taskmaster,TouchAndSee,lfp_only,LFP-behavior analysis,45,-9.17971879166108,1.8038833653561808,1
-9.222123968109196,1.6982304329139275,touchandsee,Taskmaster_samp13_2012-01-18,Taskmaster,TouchAndSee,lfp_only,LFP-behavior analysis,45,-9.278497829138788,1.6708075408447771,1
-9.222123968109196,1.6982304329139275,touchandsee,Taskmaster_samp14_2011-12-22,Taskmaster,TouchAndSee,lfp_only,LFP-behavior analysis,45,-9.236492881215712,1.580081807566269,1
-9.222123968109196,1.6982304329139275,touchandsee,Taskmaster_samp15_2011-12-23,Taskmaster,TouchAndSee,lfp_only,LFP-behavior analysis,45,-9.20638188037664,1.7836082262396862,1
-9.222123968109196,1.6982304329139275,touchandsee,Taskmaster_samp16_2011-12-24,Taskmaster,TouchAndSee,lfp_only,LFP-behavior analysis,45,-9.156481690075802,1.671711379146147,1
-9.222123968109196,1.6982304329139275,touchandsee,Taskmaster_samp17_2011-12-25,Taskmaster,TouchAndSee,lfp_only,LFP-behavior analysis,45,-9.253623261887162,1.7873978284801177,1
-9.222123968109196,1.6982304329139275,touchandsee,Taskmaster_samp18_2011-12-29,Taskmaster,TouchAndSee,lfp_only,LFP-behavior analysis,45,-9.180430587650628,1.7289006019685251,1
-9.222123968109196,1.6982304329139275,touchandsee,Taskmaster_samp19_2011-12-30,Taskmaster,TouchAndSee,lfp_only,LFP-behavior analysis,45,-9.243391071462426,1.6877394304976598,1
-9.222123968109196,1.6982304329139275,touchandsee,Taskmaster_samp2_2012-01-03,Taskmaster,TouchAndSee,lfp_only,LFP-behavior analysis,45,-9.231527341495447,1.726132504437631,1
-9.222123968109196,1.6982304329139275,touchandsee,Taskmaster_samp3_2012-01-04,Taskmaster,TouchAndSee,lfp_only,LFP-behavior analysis,45,-9.155762444747271,1.8543114377240315,1
-9.222123968109196,1.6982304329139275,touchandsee,Taskmaster_samp4_2012-01-05,Taskmaster,TouchAndSee,lfp_only,LFP-behavior analysis,45,-9.381568797793529,1.8643888752382278,1
-9.222123968109196,1.6982304329139275,touchandsee,Taskmaster_samp5_2012-01-06,Taskmaster,TouchAndSee,lfp_only,LFP-behavior analysis,45,-9.325841754355178,1.7037809237245498,1
-9.222123968109196,1.6982304329139275,touchandsee,Taskmaster_samp6_2012-01-10,Taskmaster,TouchAndSee,lfp_only,LFP-behavior analysis,45,-9.340698799904622,1.7110456803792935,1
-9.222123968109196,1.6982304329139275,touchandsee,Taskmaster_samp7_2012-01-11,Taskmaster,TouchAndSee,lfp_only,LFP-behavior analysis,45,-9.40881325769706,1.7843296455112383,1
-9.222123968109196,1.6982304329139275,touchandsee,Taskmaster_samp8_2012-01-12,Taskmaster,TouchAndSee,lfp_only,LFP-behavior analysis,45,-9.27638512332161,1.6305775502925397,1
-9.222123968109196,1.6982304329139275,touchandsee,Taskmaster_samp9_2012-01-14,Taskmaster,TouchAndSee,lfp_only,LFP-behavior analysis,45,-9.162169256130976,1.724876062723388,1
-9.222123968109196,1.6982304329139275,touchandsee,Turing_samp34_2012-09-14,Turing,TouchAndSee,lfp_only,LFP-behavior analysis,45,-9.244914693419803,1.696161405077619,1
-9.222123968109196,1.6982304329139275,touchandsee,Turing_samp35_2012-09-15,Turing,TouchAndSee,lfp_only,LFP-behavior analysis,45,-9.206300761553848,1.7233430898305317,1
-9.222123968109196,1.6982304329139275,touchandsee,Turing_samp36_2012-09-15,Turing,TouchAndSee,lfp_only,LFP-behavior analysis,45,-9.134986568372334,1.631560928437975,1
-9.222123968109196,1.6982304329139275,touchandsee,Turing_samp37_2012-09-16,Turing,TouchAndSee,lfp_only,LFP-behavior analysis,45,-9.11590907752778,1.57106503344921,1
-9.222123968109196,1.6982304329139275,touchandsee,Turing_samp38_2012-09-17,Turing,TouchAndSee,lfp_only,LFP-behavior analysis,45,-9.227655002887287,1.5323917580346242,1
-9.222123968109196,1.6982304329139275,touchandsee,Turing_samp39_2012-09-18,Turing,TouchAndSee,lfp_only,LFP-behavior analysis,45,-9.113837096943644,1.6088397038747588,1
-9.222123968109196,1.6982304329139275,touchandsee,Turing_samp40_2012-09-19,Turing,TouchAndSee,lfp_only,LFP-behavior analysis,45,-9.214753835434468,1.6615364101187808,1
-9.222123968109196,1.6982304329139275,touchandsee,Turing_samp41_2012-09-19,Turing,TouchAndSee,lfp_only,LFP-behavior analysis,45,-9.289115826015394,1.6747751059820266,1
-9.222123968109196,1.6982304329139275,touchandsee,Turing_samp42_2012-09-20,Turing,TouchAndSee,lfp_only,LFP-behavior analysis,45,-9.269675996285095,1.853208925908289,1
-9.222123968109196,1.6982304329139275,touchandsee,Turing_samp43_2012-09-21,Turing,TouchAndSee,lfp_only,LFP-behavior analysis,45,-9.340566889114397,1.7867099025065114,1
-9.222123968109196,1.6982304329139275,touchandsee,Turing_samp44_2012-09-22,Turing,TouchAndSee,lfp_only,LFP-behavior analysis,45,-9.293174676407888,1.6212631436065974,1
-9.222123968109196,1.6982304329139275,touchandsee,Turing_samp45_2012-09-25,Turing,TouchAndSee,lfp_only,LFP-behavior analysis,45,-9.25076530315515,1.726047109110004,1
-9.222123968109196,1.6982304329139275,touchandsee,Turing_samp46_2012-09-26,Turing,TouchAndSee,lfp_only,LFP-behavior analysis,45,-9.157837166558908,1.6656641740059015,1
