lag_index,lag_value_s,mean_distance,median_distance,n_pairs,session_id,subject_id,context
1,10.0,0.7075214417577806,0.7132242413465896,212,26863_2020-Nov-04_12-46-06,26863_Ash,open_field
2,20.0,0.7923900772563465,0.7632688243020651,211,26863_2020-Nov-04_12-46-06,26863_Ash,open_field
3,30.0,0.8321706301679082,0.8284172647367376,210,26863_2020-Nov-04_12-46-06,26863_Ash,open_field
4,40.0,0.8599988551626643,0.8646765829324855,209,26863_2020-Nov-04_12-46-06,26863_Ash,open_field
5,50.0,0.8671755821119708,0.8569596220564129,208,26863_2020-Nov-04_12-46-06,26863_Ash,open_field
6,60.0,0.899372482235065,0.9207166648602979,207,26863_2020-Nov-04_12-46-06,26863_Ash,open_field
7,70.0,0.913101484031723,0.8964463856388982,206,26863_2020-Nov-04_12-46-06,26863_Ash,open_field
8,80.0,0.9208130215206147,0.933015092421108,205,26863_2020-Nov-04_12-46-06,26863_Ash,open_field
9,90.0,0.9029682984736823,0.9067936053896231,204,26863_2020-Nov-04_12-46-06,26863_Ash,open_field
10,100.0,0.9238349892898166,0.9216329698390107,203,26863_2020-Nov-04_12-46-06,26863_Ash,open_field
11,110.0,0.9422424041107361,0.9506463084161074,202,26863_2020-Nov-04_12-46-06,26863_Ash,open_field
12,120.0,0.9684230920245473,0.9722653137382277,201,26863_2020-Nov-04_12-46-06,26863_Ash,open_field
13,130.0,0.9537516289630895,0.9673739020114119,200,26863_2020-Nov-04_12-46-06,26863_Ash,open_field
14,140.0,0.9481121184540465,0.9526429087061439,199,26863_2020-Nov-04_12-46-06,26863_Ash,open_field
15,150.0,0.9497175773862203,0.9589115946333844,198,26863_2020-Nov-04_12-46-06,26863_Ash,open_field
16,160.0,0.9625287583718829,0.981051802988592,197,26863_2020-Nov-04_12-46-06,26863_Ash,open_field
17,170.0,0.9635217528743065,0.9700540878283813,196,26863_2020-Nov-04_12-46-06,26863_Ash,open_field
18,180.0,0.9556309333320221,0.9717072903174452,195,26863_2020-Nov-04_12-46-06,26863_Ash,open_field
19,190.0,0.9439459052543651,0.9359240445048902,194,26863_2020-Nov-04_12-46-06,26863_Ash,open_field
20,200.0,0.958159973878272,0.9592369744184654,193,26863_2020-Nov-04_12-46-06,26863_Ash,open_field
1,10.0,0.7662359952975979,0.7624872735432007,152,26863_2020-Nov-05_10-26-23,26863_Ash,object_context
2,20.0,0.8350980011360493,0.8573658178886427,151,26863_2020-Nov-05_10-26-23,26863_Ash,object_context
3,30.0,0.875828135610249,0.8898444788180369,150,26863_2020-Nov-05_10-26-23,26863_Ash,object_context
4,40.0,0.9042597773070115,0.8869740317642625,149,26863_2020-Nov-05_10-26-23,26863_Ash,object_context
5,50.0,0.9463686686493646,0.9529357961647513,148,26863_2020-Nov-05_10-26-23,26863_Ash,object_context
6,60.0,0.9186759488423026,0.9396926530123155,147,26863_2020-Nov-05_10-26-23,26863_Ash,object_context
7,70.0,0.9399030353704075,0.9589263326956226,146,26863_2020-Nov-05_10-26-23,26863_Ash,object_context
8,80.0,0.9340257392067313,0.9303638614258137,145,26863_2020-Nov-05_10-26-23,26863_Ash,object_context
9,90.0,0.9228674958253562,0.93062605056095,144,26863_2020-Nov-05_10-26-23,26863_Ash,object_context
10,100.0,0.9479022150955512,0.9551886300412056,143,26863_2020-Nov-05_10-26-23,26863_Ash,object_context
11,110.0,0.9373426993175646,0.9437020192905863,142,26863_2020-Nov-05_10-26-23,26863_Ash,object_context
12,120.0,0.9250156482645225,0.9321812680869224,141,26863_2020-Nov-05_10-26-23,26863_Ash,object_context
13,130.0,0.9488326155773837,0.9725177058589186,140,26863_2020-Nov-05_10-26-23,26863_Ash,object_context
14,140.0,0.9742735528173864,0.9754684293579735,139,26863_2020-Nov-05_10-26-23,26863_Ash,object_context
15,150.0,0.9266184054842782,0.9410874098872805,138,26863_2020-Nov-05_10-26-23,26863_Ash,object_context
16,160.0,0.9415617467357228,0.9531606766015943,137,26863_2020-Nov-05_10-26-23,26863_Ash,object_context
17,170.0,0.9519625656548845,0.9730194285396265,136,26863_2020-Nov-05_10-26-23,26863_Ash,object_context
18,180.0,0.9524896838163773,0.9474037375693981,135,26863_2020-Nov-05_10-26-23,26863_Ash,object_context
19,190.0,0.9513791608466655,0.9370871483231518,134,26863_2020-Nov-05_10-26-23,26863_Ash,object_context
20,200.0,0.981919449852272,0.9987066755427517,133,26863_2020-Nov-05_10-26-23,26863_Ash,object_context
1,10.0,0.7935994025133263,0.8264866359302885,88,26965_2020-Dec-08_11-29-48,26965_Bubinga,open_field
2,20.0,0.8752434939245841,0.8911814503711131,87,26965_2020-Dec-08_11-29-48,26965_Bubinga,open_field
3,30.0,0.9041718117775831,0.8911807503549467,86,26965_2020-Dec-08_11-29-48,26965_Bubinga,open_field
4,40.0,0.9330218603035455,0.9511573972694555,85,26965_2020-Dec-08_11-29-48,26965_Bubinga,open_field
5,50.0,0.9204434237609538,0.9041505168722992,84,26965_2020-Dec-08_11-29-48,26965_Bubinga,open_field
6,60.0,0.9263107857513262,0.9367683048177915,83,26965_2020-Dec-08_11-29-48,26965_Bubinga,open_field
7,70.0,0.9160607334874739,0.9367749923802738,82,26965_2020-Dec-08_11-29-48,26965_Bubinga,open_field
8,80.0,0.8888700950111349,0.9069067017170644,81,26965_2020-Dec-08_11-29-48,26965_Bubinga,open_field
9,90.0,0.9504677822785613,0.9477054450895412,80,26965_2020-Dec-08_11-29-48,26965_Bubinga,open_field
10,100.0,0.8784075269169248,0.8664239544534613,79,26965_2020-Dec-08_11-29-48,26965_Bubinga,open_field
11,110.0,0.9225170224679746,0.9144104468466228,78,26965_2020-Dec-08_11-29-48,26965_Bubinga,open_field
12,120.0,0.9317373352253718,0.9317428564108288,77,26965_2020-Dec-08_11-29-48,26965_Bubinga,open_field
13,130.0,0.9087048169183228,0.9333978819020621,76,26965_2020-Dec-08_11-29-48,26965_Bubinga,open_field
14,140.0,0.9737751691568299,1.0128094494727,75,26965_2020-Dec-08_11-29-48,26965_Bubinga,open_field
15,150.0,0.9664290817745453,0.9711203806265308,74,26965_2020-Dec-08_11-29-48,26965_Bubinga,open_field
16,160.0,0.9960015350735099,1.0201886641544662,73,26965_2020-Dec-08_11-29-48,26965_Bubinga,open_field
17,170.0,0.9721628161102625,0.973328602048919,72,26965_2020-Dec-08_11-29-48,26965_Bubinga,open_field
18,180.0,0.9439662425608165,0.9377092520277333,71,26965_2020-Dec-08_11-29-48,26965_Bubinga,open_field
19,190.0,0.9574726118356507,0.9277347327087286,70,26965_2020-Dec-08_11-29-48,26965_Bubinga,open_field
20,200.0,0.9431338588863265,0.9798390122837783,69,26965_2020-Dec-08_11-29-48,26965_Bubinga,open_field
1,10.0,0.7049518253640886,0.706703503022022,74,26965_2020-Dec-08_14-36-11,26965_Bubinga,open_field
2,20.0,0.8052211211559046,0.7974480720904057,73,26965_2020-Dec-08_14-36-11,26965_Bubinga,open_field
3,30.0,0.8215984726577483,0.8437436236693048,72,26965_2020-Dec-08_14-36-11,26965_Bubinga,open_field
4,40.0,0.8788792291398111,0.8985266152182501,71,26965_2020-Dec-08_14-36-11,26965_Bubinga,open_field
5,50.0,0.8970685577524495,0.8987068101213193,70,26965_2020-Dec-08_14-36-11,26965_Bubinga,open_field
6,60.0,0.8939028436918738,0.8989959123221423,69,26965_2020-Dec-08_14-36-11,26965_Bubinga,open_field
7,70.0,0.9268524610220984,0.945620867679982,68,26965_2020-Dec-08_14-36-11,26965_Bubinga,open_field
8,80.0,0.9395919768684019,0.9535608662794497,67,26965_2020-Dec-08_14-36-11,26965_Bubinga,open_field
9,90.0,0.9486830237245671,0.9801492552159536,66,26965_2020-Dec-08_14-36-11,26965_Bubinga,open_field
10,100.0,0.9427197367253867,0.9422955864790253,65,26965_2020-Dec-08_14-36-11,26965_Bubinga,open_field
11,110.0,0.9666107138836896,0.979296304462203,64,26965_2020-Dec-08_14-36-11,26965_Bubinga,open_field
12,120.0,0.9750496063790987,0.9582995050303103,63,26965_2020-Dec-08_14-36-11,26965_Bubinga,open_field
13,130.0,0.9563332383525052,0.9631875916346666,62,26965_2020-Dec-08_14-36-11,26965_Bubinga,open_field
14,140.0,0.9826771745569245,0.9872674195130481,61,26965_2020-Dec-08_14-36-11,26965_Bubinga,open_field
15,150.0,0.9529165854829311,0.944485222559637,60,26965_2020-Dec-08_14-36-11,26965_Bubinga,open_field
16,160.0,0.9874468810338992,0.9682548533648067,59,26965_2020-Dec-08_14-36-11,26965_Bubinga,open_field
17,170.0,1.017890529045247,1.0273687778606637,58,26965_2020-Dec-08_14-36-11,26965_Bubinga,open_field
18,180.0,1.0023846336286375,1.014411256967933,57,26965_2020-Dec-08_14-36-11,26965_Bubinga,open_field
19,190.0,0.9971389706874644,1.0146474518593784,56,26965_2020-Dec-08_14-36-11,26965_Bubinga,open_field
20,200.0,1.0058833193473782,1.0274048304976815,55,26965_2020-Dec-08_14-36-11,26965_Bubinga,open_field
1,10.0,0.6876375721597408,0.7038141595990581,78,26965_2020-Dec-09_12-10-58,26965_Bubinga,object_context
2,20.0,0.8204126554942411,0.78602711045505,77,26965_2020-Dec-09_12-10-58,26965_Bubinga,object_context
3,30.0,0.8291281540045355,0.8325520346602765,76,26965_2020-Dec-09_12-10-58,26965_Bubinga,object_context
4,40.0,0.871562962090491,0.8481630865805181,75,26965_2020-Dec-09_12-10-58,26965_Bubinga,object_context
5,50.0,0.8980330041671978,0.8878793689798323,74,26965_2020-Dec-09_12-10-58,26965_Bubinga,object_context
6,60.0,0.8848373070327248,0.8967457727162017,73,26965_2020-Dec-09_12-10-58,26965_Bubinga,object_context
7,70.0,0.9356455284863087,0.9393554772743271,72,26965_2020-Dec-09_12-10-58,26965_Bubinga,object_context
8,80.0,0.9432896512013814,0.947032206645235,71,26965_2020-Dec-09_12-10-58,26965_Bubinga,object_context
9,90.0,0.9232609178871051,0.9231266028856999,70,26965_2020-Dec-09_12-10-58,26965_Bubinga,object_context
10,100.0,0.9541064807185412,0.971711191448103,69,26965_2020-Dec-09_12-10-58,26965_Bubinga,object_context
11,110.0,0.9601264276781171,0.9731700935086635,68,26965_2020-Dec-09_12-10-58,26965_Bubinga,object_context
12,120.0,0.9652957686157714,0.9510711307688536,67,26965_2020-Dec-09_12-10-58,26965_Bubinga,object_context
13,130.0,0.9560753268294286,0.924601239638587,66,26965_2020-Dec-09_12-10-58,26965_Bubinga,object_context
14,140.0,0.9520457226547705,0.9426835503022082,65,26965_2020-Dec-09_12-10-58,26965_Bubinga,object_context
15,150.0,0.9474728188622263,0.9311821174123318,64,26965_2020-Dec-09_12-10-58,26965_Bubinga,object_context
16,160.0,0.9879439089627681,0.9842596530414646,63,26965_2020-Dec-09_12-10-58,26965_Bubinga,object_context
17,170.0,1.0134522389915257,0.9964699894194127,62,26965_2020-Dec-09_12-10-58,26965_Bubinga,object_context
18,180.0,1.009301779695774,1.0056304514046843,61,26965_2020-Dec-09_12-10-58,26965_Bubinga,object_context
19,190.0,0.9898863839318726,0.9860989882579377,60,26965_2020-Dec-09_12-10-58,26965_Bubinga,object_context
20,200.0,0.9976157952643658,1.0240249174720832,59,26965_2020-Dec-09_12-10-58,26965_Bubinga,object_context
1,10.0,0.9066960226804822,0.9286499030386026,56,26965_2020-Dec-11_10-58-11,26965_Bubinga,open_field
2,20.0,0.9610316271506977,0.9785117087526313,55,26965_2020-Dec-11_10-58-11,26965_Bubinga,open_field
3,30.0,0.8705077920240347,0.8796009600133998,54,26965_2020-Dec-11_10-58-11,26965_Bubinga,open_field
4,40.0,0.9049503572990311,0.9011760600888766,53,26965_2020-Dec-11_10-58-11,26965_Bubinga,open_field
5,50.0,1.0004150207416576,1.009417012166066,52,26965_2020-Dec-11_10-58-11,26965_Bubinga,open_field
6,60.0,0.9988219517437538,1.0471872663571669,51,26965_2020-Dec-11_10-58-11,26965_Bubinga,open_field
7,70.0,0.9246195158597829,0.9026726100914098,50,26965_2020-Dec-11_10-58-11,26965_Bubinga,open_field
8,80.0,1.0269461641513713,1.0744384186798832,49,26965_2020-Dec-11_10-58-11,26965_Bubinga,open_field
9,90.0,1.0573624396751653,1.088691168100849,48,26965_2020-Dec-11_10-58-11,26965_Bubinga,open_field
10,100.0,0.9988191735873992,1.016747909606063,47,26965_2020-Dec-11_10-58-11,26965_Bubinga,open_field
11,110.0,0.9497113424912887,1.0007205496118226,46,26965_2020-Dec-11_10-58-11,26965_Bubinga,open_field
12,120.0,1.0152563068459861,1.009615933584756,45,26965_2020-Dec-11_10-58-11,26965_Bubinga,open_field
13,130.0,1.0588099397290314,1.1013188651951875,44,26965_2020-Dec-11_10-58-11,26965_Bubinga,open_field
14,140.0,0.9484529898969417,0.9434210144555527,43,26965_2020-Dec-11_10-58-11,26965_Bubinga,open_field
15,150.0,0.981833002112276,1.0158318364524797,42,26965_2020-Dec-11_10-58-11,26965_Bubinga,open_field
16,160.0,1.051833302284189,1.0210110792979128,41,26965_2020-Dec-11_10-58-11,26965_Bubinga,open_field
17,170.0,0.9862951152190499,0.9717453904518489,40,26965_2020-Dec-11_10-58-11,26965_Bubinga,open_field
18,180.0,0.9812397823677182,0.9657392651827121,39,26965_2020-Dec-11_10-58-11,26965_Bubinga,open_field
19,190.0,1.069190247518978,1.0687296789051546,38,26965_2020-Dec-11_10-58-11,26965_Bubinga,open_field
20,200.0,1.0709181877875389,1.0874507004861875,37,26965_2020-Dec-11_10-58-11,26965_Bubinga,open_field
1,10.0,0.6625526522938339,0.6456012968062519,102,26966_2020-Dec-14_15-18-10,26966_Cedar,object_context
2,20.0,0.7856692818006361,0.7932770704912517,101,26966_2020-Dec-14_15-18-10,26966_Cedar,object_context
3,30.0,0.8383582663700906,0.847298161600679,100,26966_2020-Dec-14_15-18-10,26966_Cedar,object_context
4,40.0,0.8506738958636533,0.8532559812289551,99,26966_2020-Dec-14_15-18-10,26966_Cedar,object_context
5,50.0,0.9133531029426194,0.9011163068416097,98,26966_2020-Dec-14_15-18-10,26966_Cedar,object_context
6,60.0,0.9251458342532802,0.9322639655110639,97,26966_2020-Dec-14_15-18-10,26966_Cedar,object_context
7,70.0,0.9613343340433652,0.9753350975343049,96,26966_2020-Dec-14_15-18-10,26966_Cedar,object_context
8,80.0,0.9357984834180327,0.9520442579982661,95,26966_2020-Dec-14_15-18-10,26966_Cedar,object_context
9,90.0,0.9421151001532426,0.9340511182403541,94,26966_2020-Dec-14_15-18-10,26966_Cedar,object_context
10,100.0,0.986070094150493,0.9934936359182025,93,26966_2020-Dec-14_15-18-10,26966_Cedar,object_context
11,110.0,0.9992309992986401,1.0109124721556313,92,26966_2020-Dec-14_15-18-10,26966_Cedar,object_context
12,120.0,0.9885839541748562,0.9976092087759793,91,26966_2020-Dec-14_15-18-10,26966_Cedar,object_context
13,130.0,0.9790648461256808,0.9827860097359213,90,26966_2020-Dec-14_15-18-10,26966_Cedar,object_context
14,140.0,0.9802530002720912,0.9893019953144444,89,26966_2020-Dec-14_15-18-10,26966_Cedar,object_context
15,150.0,1.006440217902872,1.0201863226428793,88,26966_2020-Dec-14_15-18-10,26966_Cedar,object_context
16,160.0,0.9981542991101212,1.0064644241789396,87,26966_2020-Dec-14_15-18-10,26966_Cedar,object_context
17,170.0,1.013493407398828,1.0206640326370424,86,26966_2020-Dec-14_15-18-10,26966_Cedar,object_context
18,180.0,1.0234832421663203,1.0375795526489269,85,26966_2020-Dec-14_15-18-10,26966_Cedar,object_context
19,190.0,1.0237708544941515,1.014199175340322,84,26966_2020-Dec-14_15-18-10,26966_Cedar,object_context
20,200.0,1.0353289331154938,1.0535185853456697,83,26966_2020-Dec-14_15-18-10,26966_Cedar,object_context
1,10.0,0.7606160199400943,0.7806362967145061,90,26966_2020-Dec-16_11-48-01,26966_Cedar,object_context
2,20.0,0.8912773451626682,0.9271021327726573,89,26966_2020-Dec-16_11-48-01,26966_Cedar,object_context
3,30.0,0.9245094906705372,0.9338490244501545,88,26966_2020-Dec-16_11-48-01,26966_Cedar,object_context
4,40.0,0.8860606618389911,0.8911801005712725,87,26966_2020-Dec-16_11-48-01,26966_Cedar,object_context
5,50.0,0.8879158261520682,0.8966061243936647,86,26966_2020-Dec-16_11-48-01,26966_Cedar,object_context
6,60.0,0.898299588020509,0.899201100611904,85,26966_2020-Dec-16_11-48-01,26966_Cedar,object_context
7,70.0,0.9571297863455825,0.9558849074401474,84,26966_2020-Dec-16_11-48-01,26966_Cedar,object_context
8,80.0,0.9498570255041068,0.9366407943179231,83,26966_2020-Dec-16_11-48-01,26966_Cedar,object_context
9,90.0,0.9296936173662258,0.9244899097634587,82,26966_2020-Dec-16_11-48-01,26966_Cedar,object_context
10,100.0,0.9336962845051299,0.9407784286160827,81,26966_2020-Dec-16_11-48-01,26966_Cedar,object_context
11,110.0,0.9569481532027574,0.9599999297027935,80,26966_2020-Dec-16_11-48-01,26966_Cedar,object_context
12,120.0,0.9614954174468507,0.9606497297263602,79,26966_2020-Dec-16_11-48-01,26966_Cedar,object_context
13,130.0,0.9627363297428476,0.962828459090803,78,26966_2020-Dec-16_11-48-01,26966_Cedar,object_context
14,140.0,0.9877885352464456,0.9854849616546101,77,26966_2020-Dec-16_11-48-01,26966_Cedar,object_context
15,150.0,0.9967423955972676,1.0043748843335614,76,26966_2020-Dec-16_11-48-01,26966_Cedar,object_context
16,160.0,1.0091132300541366,1.0077819932076433,75,26966_2020-Dec-16_11-48-01,26966_Cedar,object_context
17,170.0,0.9911926835848438,0.9783702656931539,74,26966_2020-Dec-16_11-48-01,26966_Cedar,object_context
18,180.0,0.9937989616302296,1.0164734539753009,73,26966_2020-Dec-16_11-48-01,26966_Cedar,object_context
19,190.0,1.0336717392956767,1.0335708649431448,72,26966_2020-Dec-16_11-48-01,26966_Cedar,object_context
20,200.0,0.9830933099859734,1.0072288115342094,71,26966_2020-Dec-16_11-48-01,26966_Cedar,object_context
1,10.0,0.7430920907192962,0.8009582311669114,125,27284_2021-Jun-15_19-16-52,27284_Douglas,open_field
2,20.0,0.8367112823139208,0.8723440497539283,124,27284_2021-Jun-15_19-16-52,27284_Douglas,open_field
3,30.0,0.8510861225012123,0.8716291667787035,123,27284_2021-Jun-15_19-16-52,27284_Douglas,open_field
4,40.0,0.8589524977545885,0.9047025116660309,122,27284_2021-Jun-15_19-16-52,27284_Douglas,open_field
5,50.0,0.8987556727201387,0.9142181406086388,121,27284_2021-Jun-15_19-16-52,27284_Douglas,open_field
6,60.0,0.9422599470209865,0.9690288057312288,120,27284_2021-Jun-15_19-16-52,27284_Douglas,open_field
7,70.0,0.937299036682271,0.9713947848258164,119,27284_2021-Jun-15_19-16-52,27284_Douglas,open_field
8,80.0,0.9720514882502045,0.9927148633493934,118,27284_2021-Jun-15_19-16-52,27284_Douglas,open_field
9,90.0,0.9965839074772077,0.9886324098363867,117,27284_2021-Jun-15_19-16-52,27284_Douglas,open_field
10,100.0,1.0132204223243173,1.023810094868866,116,27284_2021-Jun-15_19-16-52,27284_Douglas,open_field
11,110.0,0.9914423805945938,0.9857396759901512,115,27284_2021-Jun-15_19-16-52,27284_Douglas,open_field
12,120.0,0.9953952463454424,1.0012482394346123,114,27284_2021-Jun-15_19-16-52,27284_Douglas,open_field
13,130.0,0.9815729642414541,0.985855621708853,113,27284_2021-Jun-15_19-16-52,27284_Douglas,open_field
14,140.0,0.9987543572530407,1.0047726473910288,112,27284_2021-Jun-15_19-16-52,27284_Douglas,open_field
15,150.0,0.9930568359833061,0.9940327033074787,111,27284_2021-Jun-15_19-16-52,27284_Douglas,open_field
16,160.0,0.9966107776502653,1.0201664044475502,110,27284_2021-Jun-15_19-16-52,27284_Douglas,open_field
17,170.0,1.0090737768957965,1.0177216871728263,109,27284_2021-Jun-15_19-16-52,27284_Douglas,open_field
18,180.0,0.95271446791836,0.9665333763943428,108,27284_2021-Jun-15_19-16-52,27284_Douglas,open_field
19,190.0,0.9483061927831641,0.953909510924134,107,27284_2021-Jun-15_19-16-52,27284_Douglas,open_field
20,200.0,0.9657943509683622,0.9788910041502721,106,27284_2021-Jun-15_19-16-52,27284_Douglas,open_field
1,10.0,0.6051423080765715,0.6020213942320778,996,27284_2021-Jun-16_08-24-12,27284_Douglas,sleep
2,20.0,0.6835186957604426,0.6750002983333655,995,27284_2021-Jun-16_08-24-12,27284_Douglas,sleep
3,30.0,0.7213874775858836,0.7123402184907766,994,27284_2021-Jun-16_08-24-12,27284_Douglas,sleep
4,40.0,0.7377899927205958,0.7356505799491214,993,27284_2021-Jun-16_08-24-12,27284_Douglas,sleep
5,50.0,0.7575087239013136,0.7404819797862182,992,27284_2021-Jun-16_08-24-12,27284_Douglas,sleep
6,60.0,0.7748768078480325,0.7593907994029293,991,27284_2021-Jun-16_08-24-12,27284_Douglas,sleep
7,70.0,0.7853321533210286,0.769411949100152,990,27284_2021-Jun-16_08-24-12,27284_Douglas,sleep
8,80.0,0.7981955523377163,0.8006379945774698,989,27284_2021-Jun-16_08-24-12,27284_Douglas,sleep
9,90.0,0.8071921813392475,0.8081026513166061,988,27284_2021-Jun-16_08-24-12,27284_Douglas,sleep
10,100.0,0.8127002143593379,0.8027141403080161,987,27284_2021-Jun-16_08-24-12,27284_Douglas,sleep
11,110.0,0.8236935186954392,0.8114906253364006,986,27284_2021-Jun-16_08-24-12,27284_Douglas,sleep
12,120.0,0.8330905115789691,0.8350195151917064,985,27284_2021-Jun-16_08-24-12,27284_Douglas,sleep
13,130.0,0.8359362662360469,0.8341443619330238,984,27284_2021-Jun-16_08-24-12,27284_Douglas,sleep
14,140.0,0.8446330469219445,0.8483152620258001,983,27284_2021-Jun-16_08-24-12,27284_Douglas,sleep
15,150.0,0.8479085560755784,0.8473489288356073,982,27284_2021-Jun-16_08-24-12,27284_Douglas,sleep
16,160.0,0.8646232207449156,0.8766854944450042,981,27284_2021-Jun-16_08-24-12,27284_Douglas,sleep
17,170.0,0.86730153082976,0.873090443893672,980,27284_2021-Jun-16_08-24-12,27284_Douglas,sleep
18,180.0,0.8704793542269196,0.8716899260611907,979,27284_2021-Jun-16_08-24-12,27284_Douglas,sleep
19,190.0,0.8754255770667129,0.8724885971050076,978,27284_2021-Jun-16_08-24-12,27284_Douglas,sleep
20,200.0,0.8803764019138722,0.8791962189441963,977,27284_2021-Jun-16_08-24-12,27284_Douglas,sleep
1,10.0,0.7238208007021442,0.720551397355206,147,27284_2021-Jun-16_14-33-11,27284_Douglas,open_field
2,20.0,0.8395059771238902,0.8421762414320815,146,27284_2021-Jun-16_14-33-11,27284_Douglas,open_field
3,30.0,0.8784775464541894,0.8802522111162643,145,27284_2021-Jun-16_14-33-11,27284_Douglas,open_field
4,40.0,0.9197508409258077,0.9324924866250336,144,27284_2021-Jun-16_14-33-11,27284_Douglas,open_field
5,50.0,0.9401613940004504,0.9538603240541331,143,27284_2021-Jun-16_14-33-11,27284_Douglas,open_field
6,60.0,0.9166470156162059,0.9203116319317637,142,27284_2021-Jun-16_14-33-11,27284_Douglas,open_field
7,70.0,0.9381014804700083,0.9343198274246391,141,27284_2021-Jun-16_14-33-11,27284_Douglas,open_field
8,80.0,0.9378852360332646,0.9446704462963305,140,27284_2021-Jun-16_14-33-11,27284_Douglas,open_field
9,90.0,0.9737462911693628,0.9794620763871249,139,27284_2021-Jun-16_14-33-11,27284_Douglas,open_field
10,100.0,0.9743603940020088,0.9942540017017172,138,27284_2021-Jun-16_14-33-11,27284_Douglas,open_field
11,110.0,0.990062601928693,0.9822154817419982,137,27284_2021-Jun-16_14-33-11,27284_Douglas,open_field
12,120.0,0.972770567787295,0.986018065710436,136,27284_2021-Jun-16_14-33-11,27284_Douglas,open_field
13,130.0,0.950957737107876,0.9554954318426663,135,27284_2021-Jun-16_14-33-11,27284_Douglas,open_field
14,140.0,0.964495237074451,0.9507950615487702,134,27284_2021-Jun-16_14-33-11,27284_Douglas,open_field
15,150.0,0.9566456168496401,0.9806983985492072,133,27284_2021-Jun-16_14-33-11,27284_Douglas,open_field
16,160.0,0.9682427467655789,0.998816552420787,132,27284_2021-Jun-16_14-33-11,27284_Douglas,open_field
17,170.0,1.0002308417253953,1.0139469273071087,131,27284_2021-Jun-16_14-33-11,27284_Douglas,open_field
18,180.0,0.9994908881077104,1.0197097495879621,130,27284_2021-Jun-16_14-33-11,27284_Douglas,open_field
19,190.0,1.032167747887254,1.045878358810379,129,27284_2021-Jun-16_14-33-11,27284_Douglas,open_field
20,200.0,0.9969531424658465,1.0075204535232016,128,27284_2021-Jun-16_14-33-11,27284_Douglas,open_field
1,10.0,0.6694651551296135,0.6663381303866629,128,27284_2021-Jun-17_15-01-36,27284_Douglas,object_context
2,20.0,0.8076064333972716,0.7773066218702749,127,27284_2021-Jun-17_15-01-36,27284_Douglas,object_context
3,30.0,0.8770981725365102,0.8842071177899617,126,27284_2021-Jun-17_15-01-36,27284_Douglas,object_context
4,40.0,0.9173784482893902,0.9287758306792626,125,27284_2021-Jun-17_15-01-36,27284_Douglas,object_context
5,50.0,0.9287575452284387,0.9646193642588929,124,27284_2021-Jun-17_15-01-36,27284_Douglas,object_context
6,60.0,0.9627909223419717,0.9757201862618406,123,27284_2021-Jun-17_15-01-36,27284_Douglas,object_context
7,70.0,0.9966482698980293,0.975060427672807,122,27284_2021-Jun-17_15-01-36,27284_Douglas,object_context
8,80.0,1.0219282846046538,1.0263275517803248,121,27284_2021-Jun-17_15-01-36,27284_Douglas,object_context
9,90.0,0.9851760028341835,0.9933081291612937,120,27284_2021-Jun-17_15-01-36,27284_Douglas,object_context
10,100.0,0.9955440686001266,0.9671781078785479,119,27284_2021-Jun-17_15-01-36,27284_Douglas,object_context
11,110.0,0.9780515018998487,0.9708977170877937,118,27284_2021-Jun-17_15-01-36,27284_Douglas,object_context
12,120.0,0.9877761040349804,0.9823984318148459,117,27284_2021-Jun-17_15-01-36,27284_Douglas,object_context
13,130.0,1.0025986971982488,1.0097567527244604,116,27284_2021-Jun-17_15-01-36,27284_Douglas,object_context
14,140.0,1.0168964614645188,1.061868001905594,115,27284_2021-Jun-17_15-01-36,27284_Douglas,object_context
15,150.0,1.0223547808236984,1.045149069325329,114,27284_2021-Jun-17_15-01-36,27284_Douglas,object_context
16,160.0,1.0198684889927756,1.0526852500062935,113,27284_2021-Jun-17_15-01-36,27284_Douglas,object_context
17,170.0,1.030177869524315,1.04068438457588,112,27284_2021-Jun-17_15-01-36,27284_Douglas,object_context
18,180.0,1.0410859227483047,1.0484029120608789,111,27284_2021-Jun-17_15-01-36,27284_Douglas,object_context
19,190.0,1.0344717267781456,1.0351159157353298,110,27284_2021-Jun-17_15-01-36,27284_Douglas,object_context
20,200.0,1.056786592752661,1.074673681388157,109,27284_2021-Jun-17_15-01-36,27284_Douglas,object_context
1,10.0,0.34921376806618365,0.29221676956541615,106,27284_2021-Jun-18_11-01-41,27284_Douglas,open_field
2,20.0,0.4386516489940336,0.37923515209758607,105,27284_2021-Jun-18_11-01-41,27284_Douglas,open_field
3,30.0,0.49002351826194424,0.399636409977045,104,27284_2021-Jun-18_11-01-41,27284_Douglas,open_field
4,40.0,0.5292183035386709,0.4452845321653681,103,27284_2021-Jun-18_11-01-41,27284_Douglas,open_field
5,50.0,0.560421158657766,0.4911203903395722,102,27284_2021-Jun-18_11-01-41,27284_Douglas,open_field
6,60.0,0.5830443492517062,0.521628545223336,101,27284_2021-Jun-18_11-01-41,27284_Douglas,open_field
7,70.0,0.6085797034954673,0.5524408381878055,100,27284_2021-Jun-18_11-01-41,27284_Douglas,open_field
8,80.0,0.6151805274834504,0.5790055484774224,99,27284_2021-Jun-18_11-01-41,27284_Douglas,open_field
9,90.0,0.6182776917437642,0.5567920617983738,98,27284_2021-Jun-18_11-01-41,27284_Douglas,open_field
10,100.0,0.6322702425099433,0.563520812410119,97,27284_2021-Jun-18_11-01-41,27284_Douglas,open_field
11,110.0,0.6512443581514203,0.5674952055090953,96,27284_2021-Jun-18_11-01-41,27284_Douglas,open_field
12,120.0,0.6546978085490621,0.5674951328292923,95,27284_2021-Jun-18_11-01-41,27284_Douglas,open_field
13,130.0,0.6536958263845758,0.6038486414473848,94,27284_2021-Jun-18_11-01-41,27284_Douglas,open_field
14,140.0,0.6684229959456697,0.6109061177641362,93,27284_2021-Jun-18_11-01-41,27284_Douglas,open_field
15,150.0,0.6780345494893235,0.5990632461752737,92,27284_2021-Jun-18_11-01-41,27284_Douglas,open_field
16,160.0,0.7133972084129495,0.6619169655291957,91,27284_2021-Jun-18_11-01-41,27284_Douglas,open_field
17,170.0,0.6996215734592524,0.6764278236888157,90,27284_2021-Jun-18_11-01-41,27284_Douglas,open_field
18,180.0,0.7118405178366176,0.6529969657816814,89,27284_2021-Jun-18_11-01-41,27284_Douglas,open_field
19,190.0,0.7356003704490109,0.7214870186995104,88,27284_2021-Jun-18_11-01-41,27284_Douglas,open_field
20,200.0,0.743051986227722,0.7050039067368905,87,27284_2021-Jun-18_11-01-41,27284_Douglas,open_field
1,10.0,0.3610103252867108,0.2564135198085964,825,27285_2021-Jul-01_08-10-45,27285_Elm,sleep
2,20.0,0.4695289949300106,0.328144320280604,824,27285_2021-Jul-01_08-10-45,27285_Elm,sleep
3,30.0,0.45856000268673747,0.34200072032060447,823,27285_2021-Jul-01_08-10-45,27285_Elm,sleep
4,40.0,0.4486349458530063,0.3502621373766594,822,27285_2021-Jul-01_08-10-45,27285_Elm,sleep
5,50.0,0.4804046053696971,0.38888022306970305,821,27285_2021-Jul-01_08-10-45,27285_Elm,sleep
6,60.0,0.5213938878169986,0.44299469100724526,820,27285_2021-Jul-01_08-10-45,27285_Elm,sleep
7,70.0,0.5068563084755967,0.40613799587679844,819,27285_2021-Jul-01_08-10-45,27285_Elm,sleep
8,80.0,0.5076634318124504,0.41177315384230934,818,27285_2021-Jul-01_08-10-45,27285_Elm,sleep
9,90.0,0.5351635612263005,0.4376038838755534,817,27285_2021-Jul-01_08-10-45,27285_Elm,sleep
10,100.0,0.5270298104156944,0.4234695806849813,816,27285_2021-Jul-01_08-10-45,27285_Elm,sleep
11,110.0,0.5234589158052906,0.43264349290967063,815,27285_2021-Jul-01_08-10-45,27285_Elm,sleep
12,120.0,0.5333793612117719,0.43866033230595475,814,27285_2021-Jul-01_08-10-45,27285_Elm,sleep
13,130.0,0.5369638672747981,0.45409669443880507,813,27285_2021-Jul-01_08-10-45,27285_Elm,sleep
14,140.0,0.5433186437644545,0.45483089259165493,812,27285_2021-Jul-01_08-10-45,27285_Elm,sleep
15,150.0,0.5566676810009078,0.4729402278842266,811,27285_2021-Jul-01_08-10-45,27285_Elm,sleep
16,160.0,0.5782512163244368,0.48672677210741705,810,27285_2021-Jul-01_08-10-45,27285_Elm,sleep
17,170.0,0.5889710502221311,0.5095948505746257,809,27285_2021-Jul-01_08-10-45,27285_Elm,sleep
18,180.0,0.5946513207140929,0.5134262334726019,808,27285_2021-Jul-01_08-10-45,27285_Elm,sleep
19,190.0,0.5977554026297327,0.5211469265111897,807,27285_2021-Jul-01_08-10-45,27285_Elm,sleep
20,200.0,0.6089307760598184,0.5417053453500851,806,27285_2021-Jul-01_08-10-45,27285_Elm,sleep
1,10.0,0.8604930967727455,0.9042778113284287,61,27285_2021-Jul-01_13-26-22,27285_Elm,open_field
2,20.0,0.9201220286594655,0.8925757947015034,60,27285_2021-Jul-01_13-26-22,27285_Elm,open_field
3,30.0,1.0331322523183284,1.0441188670816652,59,27285_2021-Jul-01_13-26-22,27285_Elm,open_field
4,40.0,0.996707847407658,0.990081502308205,58,27285_2021-Jul-01_13-26-22,27285_Elm,open_field
5,50.0,0.9367845235804823,0.900226542653435,57,27285_2021-Jul-01_13-26-22,27285_Elm,open_field
6,60.0,1.0080625103808054,1.0390499497556784,56,27285_2021-Jul-01_13-26-22,27285_Elm,open_field
7,70.0,0.9545000418718395,0.9322651755246958,55,27285_2021-Jul-01_13-26-22,27285_Elm,open_field
8,80.0,0.9861773997852755,0.9711276519986873,54,27285_2021-Jul-01_13-26-22,27285_Elm,open_field
9,90.0,1.0120126464504897,0.9832996100507627,53,27285_2021-Jul-01_13-26-22,27285_Elm,open_field
10,100.0,1.0164021106353702,0.9880050793029953,52,27285_2021-Jul-01_13-26-22,27285_Elm,open_field
11,110.0,1.0586882930066546,1.0656081600930682,51,27285_2021-Jul-01_13-26-22,27285_Elm,open_field
12,120.0,1.0139473980314337,1.0248266963832688,50,27285_2021-Jul-01_13-26-22,27285_Elm,open_field
13,130.0,1.037417205928792,1.0787957160682435,49,27285_2021-Jul-01_13-26-22,27285_Elm,open_field
14,140.0,0.9783900814453129,0.9981123752408947,48,27285_2021-Jul-01_13-26-22,27285_Elm,open_field
15,150.0,1.029149352887984,1.085896234747151,47,27285_2021-Jul-01_13-26-22,27285_Elm,open_field
16,160.0,1.0205818197372587,1.028663949928407,46,27285_2021-Jul-01_13-26-22,27285_Elm,open_field
17,170.0,1.0658771493522625,1.0518131792258094,45,27285_2021-Jul-01_13-26-22,27285_Elm,open_field
18,180.0,1.0515507712297394,1.064283691508768,44,27285_2021-Jul-01_13-26-22,27285_Elm,open_field
19,190.0,1.0703616884858063,1.0733457537828626,43,27285_2021-Jul-01_13-26-22,27285_Elm,open_field
20,200.0,1.0197458926734062,1.0395131784268217,42,27285_2021-Jul-01_13-26-22,27285_Elm,open_field
1,10.0,0.7673254963884245,0.7706393500851426,60,27285_2021-Jul-02_13-23-12,27285_Elm,open_field
2,20.0,0.8912738410728072,0.9021607240246385,59,27285_2021-Jul-02_13-23-12,27285_Elm,open_field
3,30.0,0.888977498502001,0.8778051047556628,58,27285_2021-Jul-02_13-23-12,27285_Elm,open_field
4,40.0,0.8934498907326875,0.9013482465866335,57,27285_2021-Jul-02_13-23-12,27285_Elm,open_field
5,50.0,0.9058013227602257,0.862049244201915,56,27285_2021-Jul-02_13-23-12,27285_Elm,open_field
6,60.0,0.9711882595792829,0.9705152382662838,55,27285_2021-Jul-02_13-23-12,27285_Elm,open_field
7,70.0,0.9859186222432564,0.9973246220660255,54,27285_2021-Jul-02_13-23-12,27285_Elm,open_field
8,80.0,0.9674738430174904,0.975726278673765,53,27285_2021-Jul-02_13-23-12,27285_Elm,open_field
9,90.0,0.9687678201510722,0.9801665302196064,52,27285_2021-Jul-02_13-23-12,27285_Elm,open_field
10,100.0,1.0322765560870149,1.0408488179107316,51,27285_2021-Jul-02_13-23-12,27285_Elm,open_field
11,110.0,1.0311607438373975,1.0149238305544261,50,27285_2021-Jul-02_13-23-12,27285_Elm,open_field
12,120.0,1.037702344955465,1.058799938995725,49,27285_2021-Jul-02_13-23-12,27285_Elm,open_field
13,130.0,1.0349787001604465,1.0671848226120022,48,27285_2021-Jul-02_13-23-12,27285_Elm,open_field
14,140.0,0.9843999032409978,1.0229026729144948,47,27285_2021-Jul-02_13-23-12,27285_Elm,open_field
15,150.0,1.0472327037171747,1.0333597338151368,46,27285_2021-Jul-02_13-23-12,27285_Elm,open_field
16,160.0,0.9888170308101681,0.9393185199528044,45,27285_2021-Jul-02_13-23-12,27285_Elm,open_field
17,170.0,0.993083546063491,0.9817022948872165,44,27285_2021-Jul-02_13-23-12,27285_Elm,open_field
18,180.0,1.0024002665226595,0.9903985590113931,43,27285_2021-Jul-02_13-23-12,27285_Elm,open_field
19,190.0,1.0134319412324422,1.0301467090648306,42,27285_2021-Jul-02_13-23-12,27285_Elm,open_field
20,200.0,1.049474098872757,1.032285955322509,41,27285_2021-Jul-02_13-23-12,27285_Elm,open_field
1,10.0,0.4525982766668281,0.09449852194735586,196,27285_2021-Jun-30_10-03-39,27285_Elm,sequence_task
2,20.0,0.6506943708714437,0.2466016880436931,195,27285_2021-Jun-30_10-03-39,27285_Elm,sequence_task
3,30.0,0.5611706908319508,0.23480202275540113,194,27285_2021-Jun-30_10-03-39,27285_Elm,sequence_task
4,40.0,0.5644047993940704,0.23590557780314858,193,27285_2021-Jun-30_10-03-39,27285_Elm,sequence_task
5,50.0,0.5833559108806737,0.27714972718877107,192,27285_2021-Jun-30_10-03-39,27285_Elm,sequence_task
6,60.0,0.5343816539977703,0.1991783667179441,191,27285_2021-Jun-30_10-03-39,27285_Elm,sequence_task
7,70.0,0.6153818578814961,0.2365790423667693,190,27285_2021-Jun-30_10-03-39,27285_Elm,sequence_task
8,80.0,0.6712516743554393,0.29882947849896613,189,27285_2021-Jun-30_10-03-39,27285_Elm,sequence_task
9,90.0,0.6209661087573735,0.29929348016344365,188,27285_2021-Jun-30_10-03-39,27285_Elm,sequence_task
10,100.0,0.6082000892072702,0.2852514138594541,187,27285_2021-Jun-30_10-03-39,27285_Elm,sequence_task
11,110.0,0.6567069175176018,0.3436875731240875,186,27285_2021-Jun-30_10-03-39,27285_Elm,sequence_task
12,120.0,0.6180036401916567,0.2970472944403868,185,27285_2021-Jun-30_10-03-39,27285_Elm,sequence_task
13,130.0,0.6244087078309223,0.3157711523791117,184,27285_2021-Jun-30_10-03-39,27285_Elm,sequence_task
14,140.0,0.6857352839692933,0.3650365140070866,183,27285_2021-Jun-30_10-03-39,27285_Elm,sequence_task
15,150.0,0.7047110342056067,0.4073962764714317,182,27285_2021-Jun-30_10-03-39,27285_Elm,sequence_task
16,160.0,0.6694906998440634,0.35386359947999,181,27285_2021-Jun-30_10-03-39,27285_Elm,sequence_task
17,170.0,0.7177041348520276,0.4193252160897872,180,27285_2021-Jun-30_10-03-39,27285_Elm,sequence_task
18,180.0,0.7395398094643414,0.47394986840539166,179,27285_2021-Jun-30_10-03-39,27285_Elm,sequence_task
19,190.0,0.6873633508545662,0.34616339301618404,178,27285_2021-Jun-30_10-03-39,27285_Elm,sequence_task
20,200.0,0.7277304504407102,0.41452735932355544,177,27285_2021-Jun-30_10-03-39,27285_Elm,sequence_task
1,10.0,0.4793757078449308,0.13860899429377832,188,27285_2021-Jun-30_13-05-14,27285_Elm,sequence_task
2,20.0,0.6481214673853523,0.24096438495627848,187,27285_2021-Jun-30_13-05-14,27285_Elm,sequence_task
3,30.0,0.5769782727401744,0.23595332038842393,186,27285_2021-Jun-30_13-05-14,27285_Elm,sequence_task
4,40.0,0.5466473567813205,0.21832538060653361,185,27285_2021-Jun-30_13-05-14,27285_Elm,sequence_task
5,50.0,0.5737641031999406,0.2744097030991049,184,27285_2021-Jun-30_13-05-14,27285_Elm,sequence_task
6,60.0,0.5710802614440909,0.2408463490371574,183,27285_2021-Jun-30_13-05-14,27285_Elm,sequence_task
7,70.0,0.6583270286130005,0.29509084451690915,182,27285_2021-Jun-30_13-05-14,27285_Elm,sequence_task
8,80.0,0.6898951120174883,0.324377731692289,181,27285_2021-Jun-30_13-05-14,27285_Elm,sequence_task
9,90.0,0.6314261119251923,0.3047771105031223,180,27285_2021-Jun-30_13-05-14,27285_Elm,sequence_task
10,100.0,0.5987231098643301,0.3022041529533239,179,27285_2021-Jun-30_13-05-14,27285_Elm,sequence_task
11,110.0,0.668667169189283,0.38974387564957685,178,27285_2021-Jun-30_13-05-14,27285_Elm,sequence_task
12,120.0,0.6561183369107109,0.3390032612895232,177,27285_2021-Jun-30_13-05-14,27285_Elm,sequence_task
13,130.0,0.652877700221339,0.3394241942597479,176,27285_2021-Jun-30_13-05-14,27285_Elm,sequence_task
14,140.0,0.7038324466643014,0.41416499899307957,175,27285_2021-Jun-30_13-05-14,27285_Elm,sequence_task
15,150.0,0.7382158097386571,0.4772843257804593,174,27285_2021-Jun-30_13-05-14,27285_Elm,sequence_task
16,160.0,0.7011574577444003,0.39014716836144503,173,27285_2021-Jun-30_13-05-14,27285_Elm,sequence_task
17,170.0,0.7601949213826236,0.4986340351929085,172,27285_2021-Jun-30_13-05-14,27285_Elm,sequence_task
18,180.0,0.7653623728806759,0.5106906921171765,171,27285_2021-Jun-30_13-05-14,27285_Elm,sequence_task
19,190.0,0.7343260802955657,0.4858411317347867,170,27285_2021-Jun-30_13-05-14,27285_Elm,sequence_task
20,200.0,0.7804017008254475,0.5509481736504966,169,27285_2021-Jun-30_13-05-14,27285_Elm,sequence_task
1,10.0,0.676842119297745,0.7120553355832393,153,27285_2021-Jun-30_13-59-11,27285_Elm,open_field
2,20.0,0.8087124430158115,0.822592685165676,152,27285_2021-Jun-30_13-59-11,27285_Elm,open_field
3,30.0,0.8607351211738443,0.8900651201522446,151,27285_2021-Jun-30_13-59-11,27285_Elm,open_field
4,40.0,0.8988334384169062,0.9334794850784263,150,27285_2021-Jun-30_13-59-11,27285_Elm,open_field
5,50.0,0.8908681508969007,0.918084113501868,149,27285_2021-Jun-30_13-59-11,27285_Elm,open_field
6,60.0,0.9146316239309588,0.9589210408553204,148,27285_2021-Jun-30_13-59-11,27285_Elm,open_field
7,70.0,0.9725858180110221,1.0160374952500995,147,27285_2021-Jun-30_13-59-11,27285_Elm,open_field
8,80.0,0.9828026689582473,1.0267796100205613,146,27285_2021-Jun-30_13-59-11,27285_Elm,open_field
9,90.0,0.9930906396538678,1.0264962837343616,145,27285_2021-Jun-30_13-59-11,27285_Elm,open_field
10,100.0,0.9899445659645763,1.0297676634399502,144,27285_2021-Jun-30_13-59-11,27285_Elm,open_field
11,110.0,0.9987555124503122,1.0338935853056137,143,27285_2021-Jun-30_13-59-11,27285_Elm,open_field
12,120.0,1.0424369719053916,1.0460580319627861,142,27285_2021-Jun-30_13-59-11,27285_Elm,open_field
13,130.0,1.0470573438270103,1.0841227863382634,141,27285_2021-Jun-30_13-59-11,27285_Elm,open_field
14,140.0,1.0190779119785507,1.0222418552746226,140,27285_2021-Jun-30_13-59-11,27285_Elm,open_field
15,150.0,0.9965681779763543,1.0183517690275394,139,27285_2021-Jun-30_13-59-11,27285_Elm,open_field
16,160.0,1.0060263327560046,1.0527887865528667,138,27285_2021-Jun-30_13-59-11,27285_Elm,open_field
17,170.0,1.0416109602395083,1.063817464226708,137,27285_2021-Jun-30_13-59-11,27285_Elm,open_field
18,180.0,1.043487213946792,1.0449492409840349,136,27285_2021-Jun-30_13-59-11,27285_Elm,open_field
19,190.0,1.0192926632407302,1.0268265428694687,135,27285_2021-Jun-30_13-59-11,27285_Elm,open_field
20,200.0,0.9867095652504471,1.0032427198133242,134,27285_2021-Jun-30_13-59-11,27285_Elm,open_field
1,10.0,0.7591778597834453,0.771383041573345,109,27963_2022-Feb-08_21-14-27,27963_Hemlock,open_field
2,20.0,0.862067447747656,0.8599567872365637,108,27963_2022-Feb-08_21-14-27,27963_Hemlock,open_field
3,30.0,0.8900915436278752,0.8969301068067467,107,27963_2022-Feb-08_21-14-27,27963_Hemlock,open_field
4,40.0,0.8827252455424441,0.8892317434764019,106,27963_2022-Feb-08_21-14-27,27963_Hemlock,open_field
5,50.0,0.9185240092198131,0.9197305606987142,105,27963_2022-Feb-08_21-14-27,27963_Hemlock,open_field
6,60.0,0.9483909505463092,0.9272471895366894,104,27963_2022-Feb-08_21-14-27,27963_Hemlock,open_field
7,70.0,0.9616973211809395,0.9700950205669845,103,27963_2022-Feb-08_21-14-27,27963_Hemlock,open_field
8,80.0,0.9496952021962823,0.9451965116494334,102,27963_2022-Feb-08_21-14-27,27963_Hemlock,open_field
9,90.0,0.9547373339708591,0.9651671565116373,101,27963_2022-Feb-08_21-14-27,27963_Hemlock,open_field
10,100.0,0.97822739925336,0.976833349670807,100,27963_2022-Feb-08_21-14-27,27963_Hemlock,open_field
11,110.0,0.9883358284287517,0.9821497498840193,99,27963_2022-Feb-08_21-14-27,27963_Hemlock,open_field
12,120.0,0.9916717137018659,0.9959447492088743,98,27963_2022-Feb-08_21-14-27,27963_Hemlock,open_field
13,130.0,1.0086113338977476,1.006602248106887,97,27963_2022-Feb-08_21-14-27,27963_Hemlock,open_field
14,140.0,1.0410464499732013,1.0477733446162627,96,27963_2022-Feb-08_21-14-27,27963_Hemlock,open_field
15,150.0,1.023380155812226,1.0486976945401054,95,27963_2022-Feb-08_21-14-27,27963_Hemlock,open_field
16,160.0,1.0182835255070972,1.0209526686583672,94,27963_2022-Feb-08_21-14-27,27963_Hemlock,open_field
17,170.0,0.9887839583408066,0.9845081674592078,93,27963_2022-Feb-08_21-14-27,27963_Hemlock,open_field
18,180.0,0.9288197889538641,0.9387395165781063,92,27963_2022-Feb-08_21-14-27,27963_Hemlock,open_field
19,190.0,0.9773783242447827,0.9644432282791783,91,27963_2022-Feb-08_21-14-27,27963_Hemlock,open_field
20,200.0,0.9894259598477453,1.0267137248594995,90,27963_2022-Feb-08_21-14-27,27963_Hemlock,open_field
1,10.0,0.5508059458674329,0.5245359443929227,632,27963_2022-Feb-09_08-02-57,27963_Hemlock,sleep
2,20.0,0.6411083155095403,0.6214128496657887,631,27963_2022-Feb-09_08-02-57,27963_Hemlock,sleep
3,30.0,0.6914683665923407,0.6714255774576996,630,27963_2022-Feb-09_08-02-57,27963_Hemlock,sleep
4,40.0,0.7235714611428405,0.7041761098496235,629,27963_2022-Feb-09_08-02-57,27963_Hemlock,sleep
5,50.0,0.7433827767316333,0.72731355527134,628,27963_2022-Feb-09_08-02-57,27963_Hemlock,sleep
6,60.0,0.7663020215571502,0.7528943607076666,627,27963_2022-Feb-09_08-02-57,27963_Hemlock,sleep
7,70.0,0.7980600921235715,0.8020559423929134,626,27963_2022-Feb-09_08-02-57,27963_Hemlock,sleep
8,80.0,0.8051301568742638,0.8040696894914189,625,27963_2022-Feb-09_08-02-57,27963_Hemlock,sleep
9,90.0,0.8259810164725453,0.8449374596074194,624,27963_2022-Feb-09_08-02-57,27963_Hemlock,sleep
10,100.0,0.8424931193610818,0.8556532716644992,623,27963_2022-Feb-09_08-02-57,27963_Hemlock,sleep
11,110.0,0.8468462658694969,0.853649113581918,622,27963_2022-Feb-09_08-02-57,27963_Hemlock,sleep
12,120.0,0.8596572980296973,0.861084552750432,621,27963_2022-Feb-09_08-02-57,27963_Hemlock,sleep
13,130.0,0.8641375209241086,0.8834547532042933,620,27963_2022-Feb-09_08-02-57,27963_Hemlock,sleep
14,140.0,0.8749631820104123,0.8768733059875622,619,27963_2022-Feb-09_08-02-57,27963_Hemlock,sleep
15,150.0,0.8889642979932699,0.8916930336144575,618,27963_2022-Feb-09_08-02-57,27963_Hemlock,sleep
16,160.0,0.9010196696064835,0.927695018977077,617,27963_2022-Feb-09_08-02-57,27963_Hemlock,sleep
17,170.0,0.9066939308183801,0.9081132124671485,616,27963_2022-Feb-09_08-02-57,27963_Hemlock,sleep
18,180.0,0.9246959345078352,0.9339498943712161,615,27963_2022-Feb-09_08-02-57,27963_Hemlock,sleep
19,190.0,0.9257610216817241,0.955545834355227,614,27963_2022-Feb-09_08-02-57,27963_Hemlock,sleep
20,200.0,0.9416413398627153,0.9512139002682952,613,27963_2022-Feb-09_08-02-57,27963_Hemlock,sleep
1,10.0,0.6203173425187856,0.5553371454349949,184,27963_2022-Feb-10_11-06-56,27963_Hemlock,object_context
2,20.0,0.7603646889979163,0.714433744243126,183,27963_2022-Feb-10_11-06-56,27963_Hemlock,object_context
3,30.0,0.8265037599336955,0.8205923497607078,182,27963_2022-Feb-10_11-06-56,27963_Hemlock,object_context
4,40.0,0.8503673733981532,0.8476350432555202,181,27963_2022-Feb-10_11-06-56,27963_Hemlock,object_context
5,50.0,0.8573126912284258,0.8424492137804088,180,27963_2022-Feb-10_11-06-56,27963_Hemlock,object_context
6,60.0,0.8827289629606442,0.8602580823577235,179,27963_2022-Feb-10_11-06-56,27963_Hemlock,object_context
7,70.0,0.9076685962779509,0.8936364778887189,178,27963_2022-Feb-10_11-06-56,27963_Hemlock,object_context
8,80.0,0.8994950660685814,0.8991272170961473,177,27963_2022-Feb-10_11-06-56,27963_Hemlock,object_context
9,90.0,0.8862175927367782,0.8590322571654216,176,27963_2022-Feb-10_11-06-56,27963_Hemlock,object_context
10,100.0,0.9223170351199784,0.8855514110337024,175,27963_2022-Feb-10_11-06-56,27963_Hemlock,object_context
11,110.0,0.9432514803061497,0.9325910732881257,174,27963_2022-Feb-10_11-06-56,27963_Hemlock,object_context
12,120.0,0.9657492348934819,0.9834578442715396,173,27963_2022-Feb-10_11-06-56,27963_Hemlock,object_context
13,130.0,0.9877885484258769,0.9717327495888495,172,27963_2022-Feb-10_11-06-56,27963_Hemlock,object_context
14,140.0,0.9764795587754815,0.9626145073917596,171,27963_2022-Feb-10_11-06-56,27963_Hemlock,object_context
15,150.0,0.998274071971881,1.023749677294166,170,27963_2022-Feb-10_11-06-56,27963_Hemlock,object_context
16,160.0,1.019290713837774,1.0127486759650155,169,27963_2022-Feb-10_11-06-56,27963_Hemlock,object_context
17,170.0,1.0281320894057187,1.023658484093506,168,27963_2022-Feb-10_11-06-56,27963_Hemlock,object_context
18,180.0,1.0288827953580282,1.0171730122475386,167,27963_2022-Feb-10_11-06-56,27963_Hemlock,object_context
19,190.0,1.0111400012201228,1.0307168702153127,166,27963_2022-Feb-10_11-06-56,27963_Hemlock,object_context
20,200.0,1.0019145058577887,1.0059172028502121,165,27963_2022-Feb-10_11-06-56,27963_Hemlock,object_context
1,10.0,0.5758017914682764,0.5813568612092387,187,27963_2022-Feb-10_14-07-47,27963_Hemlock,object_context
2,20.0,0.720088740810814,0.7386846227762989,186,27963_2022-Feb-10_14-07-47,27963_Hemlock,object_context
3,30.0,0.7759186340216766,0.7967418226688361,185,27963_2022-Feb-10_14-07-47,27963_Hemlock,object_context
4,40.0,0.8120236072219555,0.8249705790265998,184,27963_2022-Feb-10_14-07-47,27963_Hemlock,object_context
5,50.0,0.8510726888881649,0.8565815733895217,183,27963_2022-Feb-10_14-07-47,27963_Hemlock,object_context
6,60.0,0.8758242474661779,0.8883642931777587,182,27963_2022-Feb-10_14-07-47,27963_Hemlock,object_context
7,70.0,0.9060975485894129,0.9352015368897179,181,27963_2022-Feb-10_14-07-47,27963_Hemlock,object_context
8,80.0,0.9320576560193802,0.9333454763796533,180,27963_2022-Feb-10_14-07-47,27963_Hemlock,object_context
9,90.0,0.9539850500432102,0.9663351747608813,179,27963_2022-Feb-10_14-07-47,27963_Hemlock,object_context
10,100.0,0.9653079612968742,0.9591279135400141,178,27963_2022-Feb-10_14-07-47,27963_Hemlock,object_context
11,110.0,0.9512047032010169,0.966611939401949,177,27963_2022-Feb-10_14-07-47,27963_Hemlock,object_context
12,120.0,0.964882149531893,0.9720008949573968,176,27963_2022-Feb-10_14-07-47,27963_Hemlock,object_context
13,130.0,0.9822101295085651,0.9696040655787846,175,27963_2022-Feb-10_14-07-47,27963_Hemlock,object_context
14,140.0,0.9986617159396578,1.0069058009280278,174,27963_2022-Feb-10_14-07-47,27963_Hemlock,object_context
15,150.0,0.9982789535591269,1.005873585001749,173,27963_2022-Feb-10_14-07-47,27963_Hemlock,object_context
16,160.0,1.0053210165044297,1.0193805606709176,172,27963_2022-Feb-10_14-07-47,27963_Hemlock,object_context
17,170.0,1.0126251460270008,1.0031755246966727,171,27963_2022-Feb-10_14-07-47,27963_Hemlock,object_context
18,180.0,0.9890580857324163,0.9804769251256185,170,27963_2022-Feb-10_14-07-47,27963_Hemlock,object_context
19,190.0,1.0061457828277507,1.0170696937228425,169,27963_2022-Feb-10_14-07-47,27963_Hemlock,object_context
20,200.0,1.0211223626130825,1.008301330768802,168,27963_2022-Feb-10_14-07-47,27963_Hemlock,object_context
1,10.0,0.7616472113312579,0.7500820706080539,59,27963_2022-Feb-11_14-58-41,27963_Hemlock,open_field
2,20.0,0.8635187563274745,0.8509743874264981,58,27963_2022-Feb-11_14-58-41,27963_Hemlock,open_field
3,30.0,0.8576994603514532,0.8186233277782999,57,27963_2022-Feb-11_14-58-41,27963_Hemlock,open_field
4,40.0,0.8752218605769839,0.9088198064876194,56,27963_2022-Feb-11_14-58-41,27963_Hemlock,open_field
5,50.0,0.9258897066109264,0.9486762702668305,55,27963_2022-Feb-11_14-58-41,27963_Hemlock,open_field
6,60.0,0.9426329534072261,0.9243349934050025,54,27963_2022-Feb-11_14-58-41,27963_Hemlock,open_field
7,70.0,0.9171607124406608,0.921954450440514,53,27963_2022-Feb-11_14-58-41,27963_Hemlock,open_field
8,80.0,0.9483777262006574,0.9721650902043835,52,27963_2022-Feb-11_14-58-41,27963_Hemlock,open_field
9,90.0,1.0095189723816567,1.0356914717079604,51,27963_2022-Feb-11_14-58-41,27963_Hemlock,open_field
10,100.0,0.9913832132760061,0.9921757971645144,50,27963_2022-Feb-11_14-58-41,27963_Hemlock,open_field
11,110.0,1.0256751929036136,1.0639083194625738,49,27963_2022-Feb-11_14-58-41,27963_Hemlock,open_field
12,120.0,1.0288505376763868,1.0467830593796563,48,27963_2022-Feb-11_14-58-41,27963_Hemlock,open_field
13,130.0,1.0196587248834876,0.9996198202781882,47,27963_2022-Feb-11_14-58-41,27963_Hemlock,open_field
14,140.0,1.0623382956178684,1.0742625990508132,46,27963_2022-Feb-11_14-58-41,27963_Hemlock,open_field
15,150.0,1.0626009969697128,1.0869765953599675,45,27963_2022-Feb-11_14-58-41,27963_Hemlock,open_field
16,160.0,1.0504887879624365,1.072193203106004,44,27963_2022-Feb-11_14-58-41,27963_Hemlock,open_field
17,170.0,1.023270494828694,1.0258871146008959,43,27963_2022-Feb-11_14-58-41,27963_Hemlock,open_field
18,180.0,1.0636724384360365,1.0399297078559637,42,27963_2022-Feb-11_14-58-41,27963_Hemlock,open_field
19,190.0,1.0539229141278434,1.055575584878293,41,27963_2022-Feb-11_14-58-41,27963_Hemlock,open_field
20,200.0,1.0430535589647207,1.0483127535529313,40,27963_2022-Feb-11_14-58-41,27963_Hemlock,open_field
1,10.0,0.8108607141504258,0.8196751692047315,146,28003_2022-Mar-07_20-44-03,28003_Ironwood,open_field
2,20.0,0.8713596886060254,0.8804235454820056,145,28003_2022-Mar-07_20-44-03,28003_Ironwood,open_field
3,30.0,0.9235666853688755,0.9388919941969708,144,28003_2022-Mar-07_20-44-03,28003_Ironwood,open_field
4,40.0,0.9233860739160124,0.9245451070537511,143,28003_2022-Mar-07_20-44-03,28003_Ironwood,open_field
5,50.0,0.9161649218731379,0.9076633603044262,142,28003_2022-Mar-07_20-44-03,28003_Ironwood,open_field
6,60.0,0.8981031056650085,0.8808569704243104,141,28003_2022-Mar-07_20-44-03,28003_Ironwood,open_field
7,70.0,0.9117936605113233,0.9143916892444317,140,28003_2022-Mar-07_20-44-03,28003_Ironwood,open_field
8,80.0,0.9375033960371715,0.9378669372562096,139,28003_2022-Mar-07_20-44-03,28003_Ironwood,open_field
9,90.0,0.9220571922686375,0.928963194054585,138,28003_2022-Mar-07_20-44-03,28003_Ironwood,open_field
10,100.0,0.9227356436897846,0.8973118400925079,137,28003_2022-Mar-07_20-44-03,28003_Ironwood,open_field
11,110.0,0.9383584724626465,0.9391293772074889,136,28003_2022-Mar-07_20-44-03,28003_Ironwood,open_field
12,120.0,0.9562486195759071,0.9598532425228086,135,28003_2022-Mar-07_20-44-03,28003_Ironwood,open_field
13,130.0,0.93145671499882,0.9271597514939822,134,28003_2022-Mar-07_20-44-03,28003_Ironwood,open_field
14,140.0,0.9585680459476043,0.9587292904341812,133,28003_2022-Mar-07_20-44-03,28003_Ironwood,open_field
15,150.0,0.9834938227137908,0.9959688290514013,132,28003_2022-Mar-07_20-44-03,28003_Ironwood,open_field
16,160.0,0.9393867673038788,0.9520872942142159,131,28003_2022-Mar-07_20-44-03,28003_Ironwood,open_field
17,170.0,0.9672688353190908,0.961049017733885,130,28003_2022-Mar-07_20-44-03,28003_Ironwood,open_field
18,180.0,0.9488224881220869,0.9507307609438768,129,28003_2022-Mar-07_20-44-03,28003_Ironwood,open_field
19,190.0,0.9575568035862122,0.9693675175200371,128,28003_2022-Mar-07_20-44-03,28003_Ironwood,open_field
20,200.0,0.9533842503584827,0.965520885381617,127,28003_2022-Mar-07_20-44-03,28003_Ironwood,open_field
1,10.0,0.7349280040953341,0.7383776398778656,79,28003_2022-Mar-08_11-22-53,28003_Ironwood,open_field
2,20.0,0.8109574192529868,0.8109378444925095,78,28003_2022-Mar-08_11-22-53,28003_Ironwood,open_field
3,30.0,0.8818235032586667,0.8843644113639876,77,28003_2022-Mar-08_11-22-53,28003_Ironwood,open_field
4,40.0,0.9074417183869772,0.9165006939748748,76,28003_2022-Mar-08_11-22-53,28003_Ironwood,open_field
5,50.0,0.9115562296955401,0.8929903081868914,75,28003_2022-Mar-08_11-22-53,28003_Ironwood,open_field
6,60.0,0.9326051311536808,0.9243183707142235,74,28003_2022-Mar-08_11-22-53,28003_Ironwood,open_field
7,70.0,0.9289133775939562,0.9349242516794807,73,28003_2022-Mar-08_11-22-53,28003_Ironwood,open_field
8,80.0,0.9685511953297876,0.9714562720062612,72,28003_2022-Mar-08_11-22-53,28003_Ironwood,open_field
9,90.0,0.9666321613304732,0.9659180088107002,71,28003_2022-Mar-08_11-22-53,28003_Ironwood,open_field
10,100.0,1.0015872447495309,1.0330767091965707,70,28003_2022-Mar-08_11-22-53,28003_Ironwood,open_field
11,110.0,0.9762836085640085,0.9852258402874643,69,28003_2022-Mar-08_11-22-53,28003_Ironwood,open_field
12,120.0,0.9406898031110834,0.96874232617774,68,28003_2022-Mar-08_11-22-53,28003_Ironwood,open_field
13,130.0,0.973076709490972,0.9951610569661693,67,28003_2022-Mar-08_11-22-53,28003_Ironwood,open_field
14,140.0,0.9944994264685232,1.0054183390574294,66,28003_2022-Mar-08_11-22-53,28003_Ironwood,open_field
15,150.0,0.9869808301744138,1.0287538810534376,65,28003_2022-Mar-08_11-22-53,28003_Ironwood,open_field
16,160.0,1.0278978959391396,1.036352638233109,64,28003_2022-Mar-08_11-22-53,28003_Ironwood,open_field
17,170.0,1.0480398467097825,1.051328830206857,63,28003_2022-Mar-08_11-22-53,28003_Ironwood,open_field
18,180.0,1.038615090745009,1.0629392217162228,62,28003_2022-Mar-08_11-22-53,28003_Ironwood,open_field
19,190.0,1.0559722118256352,1.1002608061924217,61,28003_2022-Mar-08_11-22-53,28003_Ironwood,open_field
20,200.0,1.0484660143622184,1.0552558134517955,60,28003_2022-Mar-08_11-22-53,28003_Ironwood,open_field
1,10.0,0.7497052531807039,0.7303942364022447,72,28003_2022-Mar-08_11-38-59,28003_Ironwood,open_field
2,20.0,0.7784200439264207,0.773944730477371,71,28003_2022-Mar-08_11-38-59,28003_Ironwood,open_field
3,30.0,0.7973333521891603,0.8014951522037828,70,28003_2022-Mar-08_11-38-59,28003_Ironwood,open_field
4,40.0,0.8747250090892069,0.8904282741276435,69,28003_2022-Mar-08_11-38-59,28003_Ironwood,open_field
5,50.0,0.8546274148679494,0.8351208347027532,68,28003_2022-Mar-08_11-38-59,28003_Ironwood,open_field
6,60.0,0.8890264348572339,0.8967500527796727,67,28003_2022-Mar-08_11-38-59,28003_Ironwood,open_field
7,70.0,0.9051877063608089,0.9203071441638029,66,28003_2022-Mar-08_11-38-59,28003_Ironwood,open_field
8,80.0,0.8756772378840932,0.8921606991389648,65,28003_2022-Mar-08_11-38-59,28003_Ironwood,open_field
9,90.0,0.9571455901115007,0.9793614853574333,64,28003_2022-Mar-08_11-38-59,28003_Ironwood,open_field
10,100.0,0.9731433041429643,0.9958734495309323,63,28003_2022-Mar-08_11-38-59,28003_Ironwood,open_field
11,110.0,0.9447910622039942,0.9077940684943133,62,28003_2022-Mar-08_11-38-59,28003_Ironwood,open_field
12,120.0,1.0049239422851162,1.0325668878108223,61,28003_2022-Mar-08_11-38-59,28003_Ironwood,open_field
13,130.0,0.9800172256267051,1.0035883412849664,60,28003_2022-Mar-08_11-38-59,28003_Ironwood,open_field
14,140.0,0.9982450901225888,1.034827585969972,59,28003_2022-Mar-08_11-38-59,28003_Ironwood,open_field
15,150.0,0.9759805571259986,0.9899492759983974,58,28003_2022-Mar-08_11-38-59,28003_Ironwood,open_field
16,160.0,0.9545234720724645,0.9918709152241519,57,28003_2022-Mar-08_11-38-59,28003_Ironwood,open_field
17,170.0,1.014714501418551,1.050816744230108,56,28003_2022-Mar-08_11-38-59,28003_Ironwood,open_field
18,180.0,0.9961409766395962,0.9804611951982646,55,28003_2022-Mar-08_11-38-59,28003_Ironwood,open_field
19,190.0,1.0451291497205455,1.0847491451794635,54,28003_2022-Mar-08_11-38-59,28003_Ironwood,open_field
20,200.0,1.0742047562566346,1.0563912348127589,53,28003_2022-Mar-08_11-38-59,28003_Ironwood,open_field
1,10.0,0.6729617364673294,0.689960045486555,186,28003_2022-Mar-08_15-04-04,28003_Ironwood,object_context
2,20.0,0.7772835404007857,0.7819583635138425,185,28003_2022-Mar-08_15-04-04,28003_Ironwood,object_context
3,30.0,0.8427162202429667,0.8652233192554306,184,28003_2022-Mar-08_15-04-04,28003_Ironwood,object_context
4,40.0,0.8917829833043355,0.8813266490668613,183,28003_2022-Mar-08_15-04-04,28003_Ironwood,object_context
5,50.0,0.9068293822824468,0.9149522939884311,182,28003_2022-Mar-08_15-04-04,28003_Ironwood,object_context
6,60.0,0.9311958690406208,0.9344039223245058,181,28003_2022-Mar-08_15-04-04,28003_Ironwood,object_context
7,70.0,0.93840975394214,0.9438452571583438,180,28003_2022-Mar-08_15-04-04,28003_Ironwood,object_context
8,80.0,0.9232187390616524,0.9490436879813585,179,28003_2022-Mar-08_15-04-04,28003_Ironwood,object_context
9,90.0,0.9378745347492464,0.9508049284121134,178,28003_2022-Mar-08_15-04-04,28003_Ironwood,object_context
10,100.0,0.9453446466669118,0.9471693966456838,177,28003_2022-Mar-08_15-04-04,28003_Ironwood,object_context
11,110.0,0.9644472062170291,0.9622579008183842,176,28003_2022-Mar-08_15-04-04,28003_Ironwood,object_context
12,120.0,0.9785880370031982,0.9834385162044612,175,28003_2022-Mar-08_15-04-04,28003_Ironwood,object_context
13,130.0,0.959179611576396,0.9734704571686537,174,28003_2022-Mar-08_15-04-04,28003_Ironwood,object_context
14,140.0,0.9635011240955262,0.9602080501581469,173,28003_2022-Mar-08_15-04-04,28003_Ironwood,object_context
15,150.0,0.9688488601222272,0.9776984995828961,172,28003_2022-Mar-08_15-04-04,28003_Ironwood,object_context
16,160.0,0.984168395415639,0.9830613448671962,171,28003_2022-Mar-08_15-04-04,28003_Ironwood,object_context
17,170.0,0.9930979405689935,1.0160091144391332,170,28003_2022-Mar-08_15-04-04,28003_Ironwood,object_context
18,180.0,0.9881559920491404,1.0288226924448935,169,28003_2022-Mar-08_15-04-04,28003_Ironwood,object_context
19,190.0,0.9924755880377615,1.02447786857757,168,28003_2022-Mar-08_15-04-04,28003_Ironwood,object_context
20,200.0,0.985030570319852,0.990837586302076,167,28003_2022-Mar-08_15-04-04,28003_Ironwood,object_context
1,10.0,0.5876144194958243,0.5608240270189715,989,28003_2022-Mar-09_07-54-00,28003_Ironwood,sleep
2,20.0,0.6752348366181599,0.6469876715701702,988,28003_2022-Mar-09_07-54-00,28003_Ironwood,sleep
3,30.0,0.7198057954802608,0.6801966383437009,987,28003_2022-Mar-09_07-54-00,28003_Ironwood,sleep
4,40.0,0.7592452420907416,0.7235682024223373,986,28003_2022-Mar-09_07-54-00,28003_Ironwood,sleep
5,50.0,0.7818484661670999,0.7490120141947194,985,28003_2022-Mar-09_07-54-00,28003_Ironwood,sleep
6,60.0,0.8025119174842469,0.7749123834550978,984,28003_2022-Mar-09_07-54-00,28003_Ironwood,sleep
7,70.0,0.811881840430884,0.7839479007796553,983,28003_2022-Mar-09_07-54-00,28003_Ironwood,sleep
8,80.0,0.8206750301885414,0.8107360712961684,982,28003_2022-Mar-09_07-54-00,28003_Ironwood,sleep
9,90.0,0.8321451897242838,0.8233524708601936,981,28003_2022-Mar-09_07-54-00,28003_Ironwood,sleep
10,100.0,0.8436984386723023,0.8225205818698302,980,28003_2022-Mar-09_07-54-00,28003_Ironwood,sleep
11,110.0,0.8613828489480388,0.8622736964494755,979,28003_2022-Mar-09_07-54-00,28003_Ironwood,sleep
12,120.0,0.8652394744051088,0.8611849159910387,978,28003_2022-Mar-09_07-54-00,28003_Ironwood,sleep
13,130.0,0.8729167952113546,0.8747714490358641,977,28003_2022-Mar-09_07-54-00,28003_Ironwood,sleep
14,140.0,0.8871059220130646,0.8845782464779621,976,28003_2022-Mar-09_07-54-00,28003_Ironwood,sleep
15,150.0,0.8851480249357848,0.8877511077104666,975,28003_2022-Mar-09_07-54-00,28003_Ironwood,sleep
16,160.0,0.9041342355997709,0.9027834074904029,974,28003_2022-Mar-09_07-54-00,28003_Ironwood,sleep
17,170.0,0.9053308032371269,0.9148909343121621,973,28003_2022-Mar-09_07-54-00,28003_Ironwood,sleep
18,180.0,0.917611580440773,0.9352343804541788,972,28003_2022-Mar-09_07-54-00,28003_Ironwood,sleep
19,190.0,0.9236426879409241,0.9508392228270277,971,28003_2022-Mar-09_07-54-00,28003_Ironwood,sleep
20,200.0,0.9350660016045368,0.9437837127243247,970,28003_2022-Mar-09_07-54-00,28003_Ironwood,sleep
1,10.0,0.6296334935148747,0.6039184553247003,186,28003_2022-Mar-10_10-53-58,28003_Ironwood,object_context
2,20.0,0.7256590658219996,0.7414989259639343,185,28003_2022-Mar-10_10-53-58,28003_Ironwood,object_context
3,30.0,0.7511835789796828,0.7653010436824534,184,28003_2022-Mar-10_10-53-58,28003_Ironwood,object_context
4,40.0,0.7738666176579952,0.7568264905159202,183,28003_2022-Mar-10_10-53-58,28003_Ironwood,object_context
5,50.0,0.7938012359950655,0.7632461455607769,182,28003_2022-Mar-10_10-53-58,28003_Ironwood,object_context
6,60.0,0.8051554409100504,0.810252370922267,181,28003_2022-Mar-10_10-53-58,28003_Ironwood,object_context
7,70.0,0.8235921347657343,0.809069708503832,180,28003_2022-Mar-10_10-53-58,28003_Ironwood,object_context
8,80.0,0.8107866312560096,0.800804593461398,179,28003_2022-Mar-10_10-53-58,28003_Ironwood,object_context
9,90.0,0.8257255907390402,0.8217612743290696,178,28003_2022-Mar-10_10-53-58,28003_Ironwood,object_context
10,100.0,0.8823295436696136,0.9078357720132612,177,28003_2022-Mar-10_10-53-58,28003_Ironwood,object_context
11,110.0,0.8763293978500367,0.8776799970886779,176,28003_2022-Mar-10_10-53-58,28003_Ironwood,object_context
12,120.0,0.8694143417092238,0.8867336403413026,175,28003_2022-Mar-10_10-53-58,28003_Ironwood,object_context
13,130.0,0.8870613594318081,0.8845219737510873,174,28003_2022-Mar-10_10-53-58,28003_Ironwood,object_context
14,140.0,0.8972822153424493,0.8979618847336269,173,28003_2022-Mar-10_10-53-58,28003_Ironwood,object_context
15,150.0,0.914353030177196,0.9267659469605254,172,28003_2022-Mar-10_10-53-58,28003_Ironwood,object_context
16,160.0,0.917332944128288,0.942858199326863,171,28003_2022-Mar-10_10-53-58,28003_Ironwood,object_context
17,170.0,0.9315570001274641,0.924481114235842,170,28003_2022-Mar-10_10-53-58,28003_Ironwood,object_context
18,180.0,0.9591907251167815,0.9378756927981393,169,28003_2022-Mar-10_10-53-58,28003_Ironwood,object_context
19,190.0,0.9496882801607637,0.9380782644770771,168,28003_2022-Mar-10_10-53-58,28003_Ironwood,object_context
20,200.0,0.9149448277734691,0.8960247096476597,167,28003_2022-Mar-10_10-53-58,28003_Ironwood,object_context
1,10.0,0.5656937725282447,0.5504009567217925,207,29629_2024-Oct-29_15-05-13,29629_Karri,object_context
2,20.0,0.6857272238381383,0.6800769772285822,206,29629_2024-Oct-29_15-05-13,29629_Karri,object_context
3,30.0,0.7339716010235134,0.7083763491620502,205,29629_2024-Oct-29_15-05-13,29629_Karri,object_context
4,40.0,0.7718771376134725,0.7533026853855264,204,29629_2024-Oct-29_15-05-13,29629_Karri,object_context
5,50.0,0.7949308905199924,0.7672864554234358,203,29629_2024-Oct-29_15-05-13,29629_Karri,object_context
6,60.0,0.8028275383965833,0.7888976563521485,202,29629_2024-Oct-29_15-05-13,29629_Karri,object_context
7,70.0,0.8141655645920378,0.7969523373708403,201,29629_2024-Oct-29_15-05-13,29629_Karri,object_context
8,80.0,0.803509635606398,0.7921854240139715,200,29629_2024-Oct-29_15-05-13,29629_Karri,object_context
9,90.0,0.8033537476609631,0.7818623297310854,199,29629_2024-Oct-29_15-05-13,29629_Karri,object_context
10,100.0,0.8327145794227124,0.8360813437380001,198,29629_2024-Oct-29_15-05-13,29629_Karri,object_context
11,110.0,0.8573077913868765,0.868442520500033,197,29629_2024-Oct-29_15-05-13,29629_Karri,object_context
12,120.0,0.868282895033198,0.8619842536004949,196,29629_2024-Oct-29_15-05-13,29629_Karri,object_context
13,130.0,0.8716674586948546,0.8670936595263921,195,29629_2024-Oct-29_15-05-13,29629_Karri,object_context
14,140.0,0.8976181164545738,0.8971788032196681,194,29629_2024-Oct-29_15-05-13,29629_Karri,object_context
15,150.0,0.8951210161528868,0.9145000535801671,193,29629_2024-Oct-29_15-05-13,29629_Karri,object_context
16,160.0,0.8947646255639615,0.9237455083926354,192,29629_2024-Oct-29_15-05-13,29629_Karri,object_context
17,170.0,0.9018852548163001,0.9349171735552787,191,29629_2024-Oct-29_15-05-13,29629_Karri,object_context
18,180.0,0.9131512084215785,0.93745415520525,190,29629_2024-Oct-29_15-05-13,29629_Karri,object_context
19,190.0,0.9263892163322138,0.9047301099542047,189,29629_2024-Oct-29_15-05-13,29629_Karri,object_context
20,200.0,0.9404057377198608,0.9492508022898887,188,29629_2024-Oct-29_15-05-13,29629_Karri,object_context
1,10.0,0.5551783731520812,0.5661885153201405,1144,29629_2024-Oct-30_05-40-15,29629_Karri,sleep
2,20.0,0.6202421747124726,0.6137472438932202,1143,29629_2024-Oct-30_05-40-15,29629_Karri,sleep
3,30.0,0.6609056030689936,0.6550879047069527,1142,29629_2024-Oct-30_05-40-15,29629_Karri,sleep
4,40.0,0.6773523444135068,0.6680563502859808,1141,29629_2024-Oct-30_05-40-15,29629_Karri,sleep
5,50.0,0.6913110709681575,0.690641317337724,1140,29629_2024-Oct-30_05-40-15,29629_Karri,sleep
6,60.0,0.7077784410201468,0.7026178305573054,1139,29629_2024-Oct-30_05-40-15,29629_Karri,sleep
7,70.0,0.7246173596716504,0.7291343854122738,1138,29629_2024-Oct-30_05-40-15,29629_Karri,sleep
8,80.0,0.736643837179498,0.7324368823822758,1137,29629_2024-Oct-30_05-40-15,29629_Karri,sleep
9,90.0,0.7479332317137167,0.7476689287390911,1136,29629_2024-Oct-30_05-40-15,29629_Karri,sleep
10,100.0,0.7575368261245587,0.7504373379385303,1135,29629_2024-Oct-30_05-40-15,29629_Karri,sleep
11,110.0,0.7741371598566575,0.7804148116394602,1134,29629_2024-Oct-30_05-40-15,29629_Karri,sleep
12,120.0,0.7828765945426078,0.7820237481694594,1133,29629_2024-Oct-30_05-40-15,29629_Karri,sleep
13,130.0,0.7861958305504522,0.7901100406016119,1132,29629_2024-Oct-30_05-40-15,29629_Karri,sleep
14,140.0,0.7987558751277185,0.7992765216921018,1131,29629_2024-Oct-30_05-40-15,29629_Karri,sleep
15,150.0,0.8020459547162555,0.7975634117884282,1130,29629_2024-Oct-30_05-40-15,29629_Karri,sleep
16,160.0,0.8084396999459003,0.808783844423439,1129,29629_2024-Oct-30_05-40-15,29629_Karri,sleep
17,170.0,0.8180764284080592,0.8277059883265883,1128,29629_2024-Oct-30_05-40-15,29629_Karri,sleep
18,180.0,0.8259019993308079,0.8359547631191679,1127,29629_2024-Oct-30_05-40-15,29629_Karri,sleep
19,190.0,0.8312246148445419,0.8397006785564487,1126,29629_2024-Oct-30_05-40-15,29629_Karri,sleep
20,200.0,0.843729492865626,0.8623496734001643,1125,29629_2024-Oct-30_05-40-15,29629_Karri,sleep
1,10.0,0.6240725738743182,0.5984656863702547,198,29629_2024-Oct-30_15-13-05,29629_Karri,object_context
2,20.0,0.719715678915255,0.6967731903173082,197,29629_2024-Oct-30_15-13-05,29629_Karri,object_context
3,30.0,0.7423275813744202,0.7238860355400154,196,29629_2024-Oct-30_15-13-05,29629_Karri,object_context
4,40.0,0.7945296081476145,0.7943682126787044,195,29629_2024-Oct-30_15-13-05,29629_Karri,object_context
5,50.0,0.8049121174584468,0.8004457646147358,194,29629_2024-Oct-30_15-13-05,29629_Karri,object_context
6,60.0,0.8355493689734864,0.815339708143604,193,29629_2024-Oct-30_15-13-05,29629_Karri,object_context
7,70.0,0.8459954373083867,0.8480942771467027,192,29629_2024-Oct-30_15-13-05,29629_Karri,object_context
8,80.0,0.8538217202634739,0.8509720296084207,191,29629_2024-Oct-30_15-13-05,29629_Karri,object_context
9,90.0,0.8762327328892369,0.8804247178110223,190,29629_2024-Oct-30_15-13-05,29629_Karri,object_context
10,100.0,0.8637958030206848,0.8317448019977545,189,29629_2024-Oct-30_15-13-05,29629_Karri,object_context
11,110.0,0.9059439045420545,0.9168164664732035,188,29629_2024-Oct-30_15-13-05,29629_Karri,object_context
12,120.0,0.9157767961991933,0.9046029079980102,187,29629_2024-Oct-30_15-13-05,29629_Karri,object_context
13,130.0,0.9200264245089249,0.9329029149965535,186,29629_2024-Oct-30_15-13-05,29629_Karri,object_context
14,140.0,0.9567193267993681,0.9557103615195499,185,29629_2024-Oct-30_15-13-05,29629_Karri,object_context
15,150.0,0.9708959929411541,0.9897456601272061,184,29629_2024-Oct-30_15-13-05,29629_Karri,object_context
16,160.0,0.9825658204426767,0.9821671323011923,183,29629_2024-Oct-30_15-13-05,29629_Karri,object_context
17,170.0,0.9958389591812421,1.0121215977142781,182,29629_2024-Oct-30_15-13-05,29629_Karri,object_context
18,180.0,0.9915812905198352,1.0222220684705774,181,29629_2024-Oct-30_15-13-05,29629_Karri,object_context
19,190.0,1.0013376825928684,1.0225339244974823,180,29629_2024-Oct-30_15-13-05,29629_Karri,object_context
20,200.0,1.0265180627024264,1.0427158615759788,179,29629_2024-Oct-30_15-13-05,29629_Karri,object_context
1,10.0,0.7077967001405142,0.6732258378777525,549,29630_2024-Sep-17_07-08-26,29630_Juniper,sleep
2,20.0,0.7525815108541075,0.7223107427874612,548,29630_2024-Sep-17_07-08-26,29630_Juniper,sleep
3,30.0,0.779143146943043,0.7545657529330864,547,29630_2024-Sep-17_07-08-26,29630_Juniper,sleep
4,40.0,0.7966643678007475,0.7684967115352475,546,29630_2024-Sep-17_07-08-26,29630_Juniper,sleep
5,50.0,0.8007016715548804,0.7608262899151362,545,29630_2024-Sep-17_07-08-26,29630_Juniper,sleep
6,60.0,0.8114778900476718,0.784825826277053,544,29630_2024-Sep-17_07-08-26,29630_Juniper,sleep
7,70.0,0.8290492772759835,0.8065119864977197,543,29630_2024-Sep-17_07-08-26,29630_Juniper,sleep
8,80.0,0.8520887824302891,0.8137923774610707,542,29630_2024-Sep-17_07-08-26,29630_Juniper,sleep
9,90.0,0.8529226989859601,0.8235032691725477,541,29630_2024-Sep-17_07-08-26,29630_Juniper,sleep
10,100.0,0.8612925706408616,0.8258478470060421,540,29630_2024-Sep-17_07-08-26,29630_Juniper,sleep
11,110.0,0.8636159790393084,0.850080889048954,539,29630_2024-Sep-17_07-08-26,29630_Juniper,sleep
12,120.0,0.8694085707472484,0.8820083308176871,538,29630_2024-Sep-17_07-08-26,29630_Juniper,sleep
13,130.0,0.8873060307582984,0.8721790801446246,537,29630_2024-Sep-17_07-08-26,29630_Juniper,sleep
14,140.0,0.8902068607765562,0.896568496432675,536,29630_2024-Sep-17_07-08-26,29630_Juniper,sleep
15,150.0,0.8755705466029505,0.860459703275076,535,29630_2024-Sep-17_07-08-26,29630_Juniper,sleep
16,160.0,0.8821645526263614,0.8600602981033252,534,29630_2024-Sep-17_07-08-26,29630_Juniper,sleep
17,170.0,0.8942821449566952,0.8880284370984548,533,29630_2024-Sep-17_07-08-26,29630_Juniper,sleep
18,180.0,0.9106042266969744,0.906713287749194,532,29630_2024-Sep-17_07-08-26,29630_Juniper,sleep
19,190.0,0.9194131500740022,0.9089418235246612,531,29630_2024-Sep-17_07-08-26,29630_Juniper,sleep
20,200.0,0.9079932243415842,0.9040154758507328,530,29630_2024-Sep-17_07-08-26,29630_Juniper,sleep
1,10.0,0.7042285986942655,0.7047427981978875,203,29630_2024-Sep-17_09-22-08,29630_Juniper,object_context
2,20.0,0.7686884065825101,0.7673408998640592,202,29630_2024-Sep-17_09-22-08,29630_Juniper,object_context
3,30.0,0.8303221465587044,0.818327301365089,201,29630_2024-Sep-17_09-22-08,29630_Juniper,object_context
4,40.0,0.8438574495109202,0.8338645105072491,200,29630_2024-Sep-17_09-22-08,29630_Juniper,object_context
5,50.0,0.8813949102717858,0.8697854800709314,199,29630_2024-Sep-17_09-22-08,29630_Juniper,object_context
6,60.0,0.8896525568823691,0.9054651690231738,198,29630_2024-Sep-17_09-22-08,29630_Juniper,object_context
7,70.0,0.9114625097779172,0.9373762584922494,197,29630_2024-Sep-17_09-22-08,29630_Juniper,object_context
8,80.0,0.9112383836144758,0.916561984011025,196,29630_2024-Sep-17_09-22-08,29630_Juniper,object_context
9,90.0,0.9193279690761164,0.9400667554239375,195,29630_2024-Sep-17_09-22-08,29630_Juniper,object_context
10,100.0,0.9146887771551606,0.8977995788146639,194,29630_2024-Sep-17_09-22-08,29630_Juniper,object_context
11,110.0,0.9417206504413408,0.9356883726283994,193,29630_2024-Sep-17_09-22-08,29630_Juniper,object_context
12,120.0,0.9417462468714614,0.9591741499927275,192,29630_2024-Sep-17_09-22-08,29630_Juniper,object_context
13,130.0,0.9555474441429457,0.9763045187618874,191,29630_2024-Sep-17_09-22-08,29630_Juniper,object_context
14,140.0,0.9661987668498008,0.9838903486164331,190,29630_2024-Sep-17_09-22-08,29630_Juniper,object_context
15,150.0,0.9701811034553415,0.9920089552752238,189,29630_2024-Sep-17_09-22-08,29630_Juniper,object_context
16,160.0,0.9764750211862048,1.00442136852259,188,29630_2024-Sep-17_09-22-08,29630_Juniper,object_context
17,170.0,1.0037021220495133,1.006983440477264,187,29630_2024-Sep-17_09-22-08,29630_Juniper,object_context
18,180.0,0.989403515750014,1.000610199713144,186,29630_2024-Sep-17_09-22-08,29630_Juniper,object_context
19,190.0,1.0042437191465678,1.014933544537256,185,29630_2024-Sep-17_09-22-08,29630_Juniper,object_context
20,200.0,1.0040227522588505,1.0233289389461735,184,29630_2024-Sep-17_09-22-08,29630_Juniper,object_context
1,10.0,0.6274076370573991,0.5808635621255291,731,29630_2024-Sep-17_23-09-30,29630_Juniper,sleep
2,20.0,0.6803041621162635,0.645166011646254,730,29630_2024-Sep-17_23-09-30,29630_Juniper,sleep
3,30.0,0.7143833536728051,0.6643049763591578,729,29630_2024-Sep-17_23-09-30,29630_Juniper,sleep
4,40.0,0.7568346891969363,0.7078561820253655,728,29630_2024-Sep-17_23-09-30,29630_Juniper,sleep
5,50.0,0.7742346682376247,0.7244864534465756,727,29630_2024-Sep-17_23-09-30,29630_Juniper,sleep
6,60.0,0.8009896687868058,0.7684509212202627,726,29630_2024-Sep-17_23-09-30,29630_Juniper,sleep
7,70.0,0.8276814267608648,0.7877865821871484,725,29630_2024-Sep-17_23-09-30,29630_Juniper,sleep
8,80.0,0.8487556748637183,0.8078951958931746,724,29630_2024-Sep-17_23-09-30,29630_Juniper,sleep
9,90.0,0.8600084919880986,0.8130085428054702,723,29630_2024-Sep-17_23-09-30,29630_Juniper,sleep
10,100.0,0.8689125991133587,0.8279015075942086,722,29630_2024-Sep-17_23-09-30,29630_Juniper,sleep
11,110.0,0.8769276493977133,0.8446808076409829,721,29630_2024-Sep-17_23-09-30,29630_Juniper,sleep
12,120.0,0.9022413876175457,0.890687966130566,720,29630_2024-Sep-17_23-09-30,29630_Juniper,sleep
13,130.0,0.9018652863330646,0.870201943605118,719,29630_2024-Sep-17_23-09-30,29630_Juniper,sleep
14,140.0,0.910242046315354,0.8956252112157075,718,29630_2024-Sep-17_23-09-30,29630_Juniper,sleep
15,150.0,0.9187349891821026,0.893157309872211,717,29630_2024-Sep-17_23-09-30,29630_Juniper,sleep
16,160.0,0.9341335475287899,0.9264962186612566,716,29630_2024-Sep-17_23-09-30,29630_Juniper,sleep
17,170.0,0.9429844752847903,0.9241696218626783,715,29630_2024-Sep-17_23-09-30,29630_Juniper,sleep
18,180.0,0.9454251801201699,0.9321222261840572,714,29630_2024-Sep-17_23-09-30,29630_Juniper,sleep
19,190.0,0.9343386630958971,0.9183804415319098,713,29630_2024-Sep-17_23-09-30,29630_Juniper,sleep
20,200.0,0.9442669741843166,0.9262858488455146,712,29630_2024-Sep-17_23-09-30,29630_Juniper,sleep
1,10.0,0.6422238359291753,0.6313455568902849,203,29630_2024-Sep-18_10-18-21,29630_Juniper,object_context
2,20.0,0.7678817081740581,0.7878769822086267,202,29630_2024-Sep-18_10-18-21,29630_Juniper,object_context
3,30.0,0.8220627355145755,0.7996770907839442,201,29630_2024-Sep-18_10-18-21,29630_Juniper,object_context
4,40.0,0.8831163755105257,0.9067742014021435,200,29630_2024-Sep-18_10-18-21,29630_Juniper,object_context
5,50.0,0.909825352261137,0.9307466674917968,199,29630_2024-Sep-18_10-18-21,29630_Juniper,object_context
6,60.0,0.903381409997164,0.9039771165815305,198,29630_2024-Sep-18_10-18-21,29630_Juniper,object_context
7,70.0,0.9360760696507812,0.9180275685879788,197,29630_2024-Sep-18_10-18-21,29630_Juniper,object_context
8,80.0,0.945272510812328,0.944027559135852,196,29630_2024-Sep-18_10-18-21,29630_Juniper,object_context
9,90.0,0.9557280695520288,0.9578591385107773,195,29630_2024-Sep-18_10-18-21,29630_Juniper,object_context
10,100.0,0.9727835154265,0.9897464184207491,194,29630_2024-Sep-18_10-18-21,29630_Juniper,object_context
11,110.0,0.9741196839090488,0.9899548237170827,193,29630_2024-Sep-18_10-18-21,29630_Juniper,object_context
12,120.0,0.9822375306395105,1.0057350924727155,192,29630_2024-Sep-18_10-18-21,29630_Juniper,object_context
13,130.0,0.9769845645376729,1.0113208025162197,191,29630_2024-Sep-18_10-18-21,29630_Juniper,object_context
14,140.0,0.9880939489128019,0.9931670285348811,190,29630_2024-Sep-18_10-18-21,29630_Juniper,object_context
15,150.0,0.9942578008428158,1.011081562110851,189,29630_2024-Sep-18_10-18-21,29630_Juniper,object_context
16,160.0,0.9938458274715679,1.003254990368792,188,29630_2024-Sep-18_10-18-21,29630_Juniper,object_context
17,170.0,0.9967079612749831,1.0022001957435815,187,29630_2024-Sep-18_10-18-21,29630_Juniper,object_context
18,180.0,1.0150674385367637,1.035243635722384,186,29630_2024-Sep-18_10-18-21,29630_Juniper,object_context
19,190.0,1.0069821498297422,1.0273537313037464,185,29630_2024-Sep-18_10-18-21,29630_Juniper,object_context
20,200.0,1.0134355282718202,1.0331811752386768,184,29630_2024-Sep-18_10-18-21,29630_Juniper,object_context
1,10.0,0.6407157328206592,0.6317235817233718,187,29630_2024-Sep-18_15-19-16,29630_Juniper,object_context
2,20.0,0.7526011970978612,0.7378193220864768,186,29630_2024-Sep-18_15-19-16,29630_Juniper,object_context
3,30.0,0.8155970370975058,0.7946102874804399,185,29630_2024-Sep-18_15-19-16,29630_Juniper,object_context
4,40.0,0.8585718702284637,0.8584683919801517,184,29630_2024-Sep-18_15-19-16,29630_Juniper,object_context
5,50.0,0.865256834396225,0.8497242810209171,183,29630_2024-Sep-18_15-19-16,29630_Juniper,object_context
6,60.0,0.8778675837992614,0.8871460095255838,182,29630_2024-Sep-18_15-19-16,29630_Juniper,object_context
7,70.0,0.9267939785089075,0.9265612937953657,181,29630_2024-Sep-18_15-19-16,29630_Juniper,object_context
8,80.0,0.9322891968355104,0.9362728787498138,180,29630_2024-Sep-18_15-19-16,29630_Juniper,object_context
9,90.0,0.9407390909247266,0.9606844193774998,179,29630_2024-Sep-18_15-19-16,29630_Juniper,object_context
10,100.0,0.9223290235758856,0.9466325774011523,178,29630_2024-Sep-18_15-19-16,29630_Juniper,object_context
11,110.0,0.9454905205983472,0.9544120785784298,177,29630_2024-Sep-18_15-19-16,29630_Juniper,object_context
12,120.0,0.9633913128079515,0.9796155903200814,176,29630_2024-Sep-18_15-19-16,29630_Juniper,object_context
13,130.0,0.9811573886181394,1.007004977120908,175,29630_2024-Sep-18_15-19-16,29630_Juniper,object_context
14,140.0,0.9918040453760824,0.9952719538127557,174,29630_2024-Sep-18_15-19-16,29630_Juniper,object_context
15,150.0,0.9814050433012591,0.9724254934989487,173,29630_2024-Sep-18_15-19-16,29630_Juniper,object_context
16,160.0,0.9658904027232172,0.9667055128779671,172,29630_2024-Sep-18_15-19-16,29630_Juniper,object_context
17,170.0,0.964880508338608,0.9662474172966233,171,29630_2024-Sep-18_15-19-16,29630_Juniper,object_context
18,180.0,0.967774756860062,0.9629577287262302,170,29630_2024-Sep-18_15-19-16,29630_Juniper,object_context
19,190.0,0.9638437004153241,0.958067610595047,169,29630_2024-Sep-18_15-19-16,29630_Juniper,object_context
20,200.0,0.9682109467871559,0.9616486438684936,168,29630_2024-Sep-18_15-19-16,29630_Juniper,object_context
1,10.0,0.6969532860883757,0.7047049384126202,1005,29630_2024-Sep-19_05-09-20,29630_Juniper,sleep
2,20.0,0.7274537813045795,0.7326307844245699,1004,29630_2024-Sep-19_05-09-20,29630_Juniper,sleep
3,30.0,0.7626921759845929,0.7728256462356604,1003,29630_2024-Sep-19_05-09-20,29630_Juniper,sleep
4,40.0,0.7828198003227892,0.7960313734936542,1002,29630_2024-Sep-19_05-09-20,29630_Juniper,sleep
5,50.0,0.7987331215443155,0.8082914201728945,1001,29630_2024-Sep-19_05-09-20,29630_Juniper,sleep
6,60.0,0.8146968060894637,0.8156163877036355,1000,29630_2024-Sep-19_05-09-20,29630_Juniper,sleep
7,70.0,0.8214444915695838,0.8142707227711734,999,29630_2024-Sep-19_05-09-20,29630_Juniper,sleep
8,80.0,0.8374275623059781,0.8436629397219719,998,29630_2024-Sep-19_05-09-20,29630_Juniper,sleep
9,90.0,0.8468828430985212,0.8541544221412367,997,29630_2024-Sep-19_05-09-20,29630_Juniper,sleep
10,100.0,0.8601234840206593,0.8639102020752156,996,29630_2024-Sep-19_05-09-20,29630_Juniper,sleep
11,110.0,0.8669374614362213,0.8635753730431632,995,29630_2024-Sep-19_05-09-20,29630_Juniper,sleep
12,120.0,0.8720977203022516,0.8695220859181712,994,29630_2024-Sep-19_05-09-20,29630_Juniper,sleep
13,130.0,0.8858720905056389,0.8782579594660233,993,29630_2024-Sep-19_05-09-20,29630_Juniper,sleep
14,140.0,0.8925364702527632,0.8848660519190112,992,29630_2024-Sep-19_05-09-20,29630_Juniper,sleep
15,150.0,0.9005068927958002,0.9048413993052206,991,29630_2024-Sep-19_05-09-20,29630_Juniper,sleep
16,160.0,0.9186622390050738,0.924847322401837,990,29630_2024-Sep-19_05-09-20,29630_Juniper,sleep
17,170.0,0.9193369052667063,0.9132480662243799,989,29630_2024-Sep-19_05-09-20,29630_Juniper,sleep
18,180.0,0.9291717086469776,0.9224138900921139,988,29630_2024-Sep-19_05-09-20,29630_Juniper,sleep
19,190.0,0.9292175419338229,0.9295840495252562,987,29630_2024-Sep-19_05-09-20,29630_Juniper,sleep
20,200.0,0.918148517697905,0.9129978919397984,986,29630_2024-Sep-19_05-09-20,29630_Juniper,sleep
1,10.0,0.6639857020110063,0.6684519168863381,189,29630_2024-Sep-20_09-49-05,29630_Juniper,object_context
2,20.0,0.7673863096543501,0.79904620779271,188,29630_2024-Sep-20_09-49-05,29630_Juniper,object_context
3,30.0,0.8272369261437665,0.8482670871345332,187,29630_2024-Sep-20_09-49-05,29630_Juniper,object_context
4,40.0,0.823897324136664,0.8442984697144463,186,29630_2024-Sep-20_09-49-05,29630_Juniper,object_context
5,50.0,0.8585779658553342,0.8482670871345332,185,29630_2024-Sep-20_09-49-05,29630_Juniper,object_context
6,60.0,0.8705365013941269,0.8821572495145518,184,29630_2024-Sep-20_09-49-05,29630_Juniper,object_context
7,70.0,0.9034146186088604,0.9196259443944549,183,29630_2024-Sep-20_09-49-05,29630_Juniper,object_context
8,80.0,0.9071969805051906,0.9374813327080687,182,29630_2024-Sep-20_09-49-05,29630_Juniper,object_context
9,90.0,0.9278457884464285,0.9452395921268361,181,29630_2024-Sep-20_09-49-05,29630_Juniper,object_context
10,100.0,0.952060813206705,0.9673312511062492,180,29630_2024-Sep-20_09-49-05,29630_Juniper,object_context
11,110.0,0.9770272446991669,0.9682189572005542,179,29630_2024-Sep-20_09-49-05,29630_Juniper,object_context
12,120.0,0.998130152732248,1.0077141358946489,178,29630_2024-Sep-20_09-49-05,29630_Juniper,object_context
13,130.0,1.0174228310431022,1.0202468250588526,177,29630_2024-Sep-20_09-49-05,29630_Juniper,object_context
14,140.0,1.0456012104114847,1.023506004116463,176,29630_2024-Sep-20_09-49-05,29630_Juniper,object_context
15,150.0,1.0390757950381644,1.0108188972724639,175,29630_2024-Sep-20_09-49-05,29630_Juniper,object_context
16,160.0,1.0350069736601224,1.0071658642296166,174,29630_2024-Sep-20_09-49-05,29630_Juniper,object_context
17,170.0,1.034284925060834,1.038482676485768,173,29630_2024-Sep-20_09-49-05,29630_Juniper,object_context
18,180.0,1.0597272370234616,1.0516340800229365,172,29630_2024-Sep-20_09-49-05,29630_Juniper,object_context
19,190.0,1.0484352831020483,1.036941289193874,171,29630_2024-Sep-20_09-49-05,29630_Juniper,object_context
20,200.0,1.0627602984051039,1.043755867463629,170,29630_2024-Sep-20_09-49-05,29630_Juniper,object_context
